,city,country,display_title,state,period_1,period_2,period_3,period_4,rate_of_recovery,omicron_resilience,metric,popup
1,Salt Lake City,1,"Salt Lake City, UT", UT,0.491346154,0.612115385,0.829230769,0.973703704,1.981706168,0.91125,downtown,<b>City: Salt Lake City<br><br><br><b><i><u>Recovery metrics:</u></i></b><br> Average over period 1: 0.491<br> Average over period 2: 0.612<br> Average over period 3: 0.829<br> Average over period 4: 0.974<br>Rate of recovery: 1.982<br>Omicron resilience: 0.911<br><br><br>
2,St Louis,1,"St. Louis, MO", MO,0.296538462,0.344615385,0.533846154,0.45037037,1.518758707,0.95218894,downtown,<b>City: St Louis<br><br><br><b><i><u>Recovery metrics:</u></i></b><br> Average over period 1: 0.297<br> Average over period 2: 0.345<br> Average over period 3: 0.534<br> Average over period 4: 0.45<br>Rate of recovery: 1.519<br>Omicron resilience: 0.952<br><br><br>
3,Orlando,1,"Orlando, FL", FL,1.037884615,0.485,0.752692308,1.105555556,1.065200832,1.637096774,downtown,<b>City: Orlando<br><br><br><b><i><u>Recovery metrics:</u></i></b><br> Average over period 1: 1.038<br> Average over period 2: 0.485<br> Average over period 3: 0.753<br> Average over period 4: 1.106<br>Rate of recovery: 1.065<br>Omicron resilience: 1.637<br><br><br>
4,San Antonio,1,"San Antonio, TX", TX,0.311923077,0.403269231,0.693461538,0.551111111,1.766817372,0.788831692,downtown,<b>City: San Antonio<br><br><br><b><i><u>Recovery metrics:</u></i></b><br> Average over period 1: 0.312<br> Average over period 2: 0.403<br> Average over period 3: 0.693<br> Average over period 4: 0.551<br>Rate of recovery: 1.767<br>Omicron resilience: 0.789<br><br><br>
5,San Diego,1,"San Diego, CA", CA,0.392115385,0.522307692,0.787307692,0.711111111,1.813525148,0.750428376,downtown,<b>City: San Diego<br><br><br><b><i><u>Recovery metrics:</u></i></b><br> Average over period 1: 0.392<br> Average over period 2: 0.522<br> Average over period 3: 0.787<br> Average over period 4: 0.711<br>Rate of recovery: 1.814<br>Omicron resilience: 0.75<br><br><br>
6,Dallas,1,"Dallas, TX", TX,0.379230769,0.401346154,1.413461538,1.588518519,4.188791225,0.742959902,downtown,<b>City: Dallas<br><br><br><b><i><u>Recovery metrics:</u></i></b><br> Average over period 1: 0.379<br> Average over period 2: 0.401<br> Average over period 3: 1.413<br> Average over period 4: 1.589<br>Rate of recovery: 4.189<br>Omicron resilience: 0.743<br><br><br>
7,San Jose,1,"San Jose, CA", CA,0.355961538,0.326346154,0.495769231,0.487037037,1.368229386,0.686887255,downtown,<b>City: San Jose<br><br><br><b><i><u>Recovery metrics:</u></i></b><br> Average over period 1: 0.356<br> Average over period 2: 0.326<br> Average over period 3: 0.496<br> Average over period 4: 0.487<br>Rate of recovery: 1.368<br>Omicron resilience: 0.687<br><br><br>
8,Austin,1,"Austin, TX", TX,0.329423077,0.427884615,0.576538462,0.511851852,1.553782621,0.777977906,downtown,<b>City: Austin<br><br><br><b><i><u>Recovery metrics:</u></i></b><br> Average over period 1: 0.329<br> Average over period 2: 0.428<br> Average over period 3: 0.577<br> Average over period 4: 0.512<br>Rate of recovery: 1.554<br>Omicron resilience: 0.778<br><br><br>
9,Jacksonville,1,"Jacksonville, FL", FL,0.445576923,0.446538462,0.639615385,0.647407407,1.452964402,0.770075758,downtown,<b>City: Jacksonville<br><br><br><b><i><u>Recovery metrics:</u></i></b><br> Average over period 1: 0.446<br> Average over period 2: 0.447<br> Average over period 3: 0.64<br> Average over period 4: 0.647<br>Rate of recovery: 1.453<br>Omicron resilience: 0.77<br><br><br>
10,Portland,1,"Portland, OR", OR,0.441923077,0.248846154,0.345,0.304814815,0.689746317,0.722662441,downtown,<b>City: Portland<br><br><br><b><i><u>Recovery metrics:</u></i></b><br> Average over period 1: 0.442<br> Average over period 2: 0.249<br> Average over period 3: 0.345<br> Average over period 4: 0.305<br>Rate of recovery: 0.69<br>Omicron resilience: 0.723<br><br><br>
11,Las Vegas,1,"Las Vegas, NV", NV,0.488269231,0.547884615,0.826538462,0.627037037,1.284203463,0.937088138,downtown,<b>City: Las Vegas<br><br><br><b><i><u>Recovery metrics:</u></i></b><br> Average over period 1: 0.488<br> Average over period 2: 0.548<br> Average over period 3: 0.827<br> Average over period 4: 0.627<br>Rate of recovery: 1.284<br>Omicron resilience: 0.937<br><br><br>
12,Detroit,1,"Detroit, MI", MI,0.254615385,0.272884615,0.391538462,0.39,1.531722054,0.758928571,downtown,<b>City: Detroit<br><br><br><b><i><u>Recovery metrics:</u></i></b><br> Average over period 1: 0.255<br> Average over period 2: 0.273<br> Average over period 3: 0.392<br> Average over period 4: 0.39<br>Rate of recovery: 1.532<br>Omicron resilience: 0.759<br><br><br>
13,New York,1,"New York, NY", NY,0.250576923,0.247115385,0.37,0.428148148,1.708649555,0.748435722,downtown,<b>City: New York<br><br><br><b><i><u>Recovery metrics:</u></i></b><br> Average over period 1: 0.251<br> Average over period 2: 0.247<br> Average over period 3: 0.37<br> Average over period 4: 0.428<br>Rate of recovery: 1.709<br>Omicron resilience: 0.748<br><br><br>
14,Los Angeles,1,"Los Angeles, CA", CA,0.427884615,0.439423077,0.531153846,0.513333333,1.199700375,0.71584507,downtown,<b>City: Los Angeles<br><br><br><b><i><u>Recovery metrics:</u></i></b><br> Average over period 1: 0.428<br> Average over period 2: 0.439<br> Average over period 3: 0.531<br> Average over period 4: 0.513<br>Rate of recovery: 1.2<br>Omicron resilience: 0.716<br><br><br>
15,Chicago,1,"Chicago, IL", IL,0.242884615,0.261538462,0.348461538,0.381111111,1.569103545,0.802990897,downtown,<b>City: Chicago<br><br><br><b><i><u>Recovery metrics:</u></i></b><br> Average over period 1: 0.243<br> Average over period 2: 0.262<br> Average over period 3: 0.348<br> Average over period 4: 0.381<br>Rate of recovery: 1.569<br>Omicron resilience: 0.803<br><br><br>
16,Houston,1,"Houston, TX", TX,0.367884615,0.400961538,0.551538462,0.677407407,1.841358347,0.586059986,downtown,<b>City: Houston<br><br><br><b><i><u>Recovery metrics:</u></i></b><br> Average over period 1: 0.368<br> Average over period 2: 0.401<br> Average over period 3: 0.552<br> Average over period 4: 0.677<br>Rate of recovery: 1.841<br>Omicron resilience: 0.586<br><br><br>
17,Phoenix,1,"Phoenix, AZ", AZ,0.597115385,0.547115385,0.633461538,0.511111111,0.855967078,1.042622523,downtown,<b>City: Phoenix<br><br><br><b><i><u>Recovery metrics:</u></i></b><br> Average over period 1: 0.597<br> Average over period 2: 0.547<br> Average over period 3: 0.633<br> Average over period 4: 0.511<br>Rate of recovery: 0.856<br>Omicron resilience: 1.043<br><br><br>
18,Philadelphia,1,"Philadelphia, PA", PA,0.324038462,0.352884615,0.459230769,0.43037037,1.32814595,0.605291577,downtown,<b>City: Philadelphia<br><br><br><b><i><u>Recovery metrics:</u></i></b><br> Average over period 1: 0.324<br> Average over period 2: 0.353<br> Average over period 3: 0.459<br> Average over period 4: 0.43<br>Rate of recovery: 1.328<br>Omicron resilience: 0.605<br><br><br>
19,Kansas City,1,"Kansas City, MO", MO,0.833846154,0.384423077,0.564230769,0.41,0.491697417,1.017419355,downtown,<b>City: Kansas City<br><br><br><b><i><u>Recovery metrics:</u></i></b><br> Average over period 1: 0.834<br> Average over period 2: 0.384<br> Average over period 3: 0.564<br> Average over period 4: 0.41<br>Rate of recovery: 0.492<br>Omicron resilience: 1.017<br><br><br>
20,Atlanta,1,"Atlanta, GA", GA,0.291538462,0.291346154,0.399230769,0.484814815,1.662953191,0.81686345,downtown,<b>City: Atlanta<br><br><br><b><i><u>Recovery metrics:</u></i></b><br> Average over period 1: 0.292<br> Average over period 2: 0.291<br> Average over period 3: 0.399<br> Average over period 4: 0.485<br>Rate of recovery: 1.663<br>Omicron resilience: 0.817<br><br><br>
21,Omaha,1,"Omaha, NE", NE,0.519807692,0.564807692,0.797692308,0.67037037,1.289650731,0.991288175,downtown,<b>City: Omaha<br><br><br><b><i><u>Recovery metrics:</u></i></b><br> Average over period 1: 0.52<br> Average over period 2: 0.565<br> Average over period 3: 0.798<br> Average over period 4: 0.67<br>Rate of recovery: 1.29<br>Omicron resilience: 0.991<br><br><br>
22,Colorado Springs,1,"Colorado Springs, CO", CO,0.549807692,0.529807692,0.736538462,0.664444444,1.208503362,0.730502915,downtown,<b>City: Colorado Springs<br><br><br><b><i><u>Recovery metrics:</u></i></b><br> Average over period 1: 0.55<br> Average over period 2: 0.53<br> Average over period 3: 0.737<br> Average over period 4: 0.664<br>Rate of recovery: 1.209<br>Omicron resilience: 0.731<br><br><br>
23,Raleigh,1,"Raleigh, NC", NC,0.32,0.42,0.454230769,0.464444444,1.451388889,0.695360825,downtown,<b>City: Raleigh<br><br><br><b><i><u>Recovery metrics:</u></i></b><br> Average over period 1: 0.32<br> Average over period 2: 0.42<br> Average over period 3: 0.454<br> Average over period 4: 0.464<br>Rate of recovery: 1.451<br>Omicron resilience: 0.695<br><br><br>
24,Miami,1,"Miami, FL", FL,0.438461538,0.595961538,0.756923077,0.592962963,1.35237167,0.809568677,downtown,<b>City: Miami<br><br><br><b><i><u>Recovery metrics:</u></i></b><br> Average over period 1: 0.438<br> Average over period 2: 0.596<br> Average over period 3: 0.757<br> Average over period 4: 0.593<br>Rate of recovery: 1.352<br>Omicron resilience: 0.81<br><br><br>
25,Memphis,1,"Memphis, TN", TN,0.499615385,0.519615385,0.663846154,0.671111111,1.343255496,0.796333825,downtown,<b>City: Memphis<br><br><br><b><i><u>Recovery metrics:</u></i></b><br> Average over period 1: 0.5<br> Average over period 2: 0.52<br> Average over period 3: 0.664<br> Average over period 4: 0.671<br>Rate of recovery: 1.343<br>Omicron resilience: 0.796<br><br><br>
26,Louisville,1,"Louisville, KY", KY,0.45,0.358076923,0.508076923,0.388888889,0.864197531,1.017857143,downtown,<b>City: Louisville<br><br><br><b><i><u>Recovery metrics:</u></i></b><br> Average over period 1: 0.45<br> Average over period 2: 0.358<br> Average over period 3: 0.508<br> Average over period 4: 0.389<br>Rate of recovery: 0.864<br>Omicron resilience: 1.018<br><br><br>
27,Baltimore,1,"Baltimore, MD", MD,0.511153846,0.558076923,0.643461538,0.728518519,1.425243151,0.80297619,downtown,<b>City: Baltimore<br><br><br><b><i><u>Recovery metrics:</u></i></b><br> Average over period 1: 0.511<br> Average over period 2: 0.558<br> Average over period 3: 0.643<br> Average over period 4: 0.729<br>Rate of recovery: 1.425<br>Omicron resilience: 0.803<br><br><br>
28,Vancouver,0,"Vancouver, BC", BC,0.438653846,0.453846154,0.460769231,0.441851852,1.0072905,0.588781381,downtown,<b>City: Vancouver<br><br><br><b><i><u>Recovery metrics:</u></i></b><br> Average over period 1: 0.439<br> Average over period 2: 0.454<br> Average over period 3: 0.461<br> Average over period 4: 0.442<br>Rate of recovery: 1.007<br>Omicron resilience: 0.589<br><br><br>
29,Montreal,0,"Montreal, QC", QC,0.364615385,0.319807692,0.358846154,0.373333333,1.023909986,0.495503597,downtown,<b>City: Montreal<br><br><br><b><i><u>Recovery metrics:</u></i></b><br> Average over period 1: 0.365<br> Average over period 2: 0.32<br> Average over period 3: 0.359<br> Average over period 4: 0.373<br>Rate of recovery: 1.024<br>Omicron resilience: 0.496<br><br><br>
30,Calgary,0,"Calgary, AB", AB,0.490576923,0.495769231,0.509230769,0.454814815,0.927101935,0.682127883,downtown,<b>City: Calgary<br><br><br><b><i><u>Recovery metrics:</u></i></b><br> Average over period 1: 0.491<br> Average over period 2: 0.496<br> Average over period 3: 0.509<br> Average over period 4: 0.455<br>Rate of recovery: 0.927<br>Omicron resilience: 0.682<br><br><br>
31,Edmonton,0,"Edmonton, AB", AB,0.589230769,0.493269231,0.482307692,0.479259259,0.813364278,0.682960199,downtown,<b>City: Edmonton<br><br><br><b><i><u>Recovery metrics:</u></i></b><br> Average over period 1: 0.589<br> Average over period 2: 0.493<br> Average over period 3: 0.482<br> Average over period 4: 0.479<br>Rate of recovery: 0.813<br>Omicron resilience: 0.683<br><br><br>
32,Mississauga,0,"Missisauga, ON", ON,0.883653846,0.868653846,0.875,0.872962963,0.987901503,0.558896751,downtown,<b>City: Mississauga<br><br><br><b><i><u>Recovery metrics:</u></i></b><br> Average over period 1: 0.884<br> Average over period 2: 0.869<br> Average over period 3: 0.875<br> Average over period 4: 0.873<br>Rate of recovery: 0.988<br>Omicron resilience: 0.559<br><br><br>
33,Halifax,0,"Halifax, NS", NS,0.502884615,0.633653846,0.565384615,0.567407407,1.128305361,0.619650206,downtown,<b>City: Halifax<br><br><br><b><i><u>Recovery metrics:</u></i></b><br> Average over period 1: 0.503<br> Average over period 2: 0.634<br> Average over period 3: 0.565<br> Average over period 4: 0.567<br>Rate of recovery: 1.128<br>Omicron resilience: 0.62<br><br><br>
34,London,0,"London, ON", ON,0.396730769,0.529423077,0.488461538,0.626296296,1.578643112,0.524729242,downtown,<b>City: London<br><br><br><b><i><u>Recovery metrics:</u></i></b><br> Average over period 1: 0.397<br> Average over period 2: 0.529<br> Average over period 3: 0.488<br> Average over period 4: 0.626<br>Rate of recovery: 1.579<br>Omicron resilience: 0.525<br><br><br>
35,Ottawa,0,"Ottawa, ON", ON,0.527884615,0.390769231,0.421538462,0.400740741,0.759144573,0.691527446,downtown,<b>City: Ottawa<br><br><br><b><i><u>Recovery metrics:</u></i></b><br> Average over period 1: 0.528<br> Average over period 2: 0.391<br> Average over period 3: 0.422<br> Average over period 4: 0.401<br>Rate of recovery: 0.759<br>Omicron resilience: 0.692<br><br><br>
36,Winnipeg,0,"Winnipeg, MB", MB,0.629807692,0.459423077,0.477692308,0.475925926,0.755668646,0.649653122,downtown,<b>City: Winnipeg<br><br><br><b><i><u>Recovery metrics:</u></i></b><br> Average over period 1: 0.63<br> Average over period 2: 0.459<br> Average over period 3: 0.478<br> Average over period 4: 0.476<br>Rate of recovery: 0.756<br>Omicron resilience: 0.65<br><br><br>
37,Quebec,0,"Quebec, QC", QC,0.425192308,0.391153846,0.449230769,0.447777778,1.053118247,0.597437888,downtown,<b>City: Quebec<br><br><br><b><i><u>Recovery metrics:</u></i></b><br> Average over period 1: 0.425<br> Average over period 2: 0.391<br> Average over period 3: 0.449<br> Average over period 4: 0.448<br>Rate of recovery: 1.053<br>Omicron resilience: 0.597<br><br><br>
38,Toronto,0,"Toronto, ON", ON,0.396923077,0.347115385,0.334615385,0.355555556,0.8957795,0.536877395,downtown,<b>City: Toronto<br><br><br><b><i><u>Recovery metrics:</u></i></b><br> Average over period 1: 0.397<br> Average over period 2: 0.347<br> Average over period 3: 0.335<br> Average over period 4: 0.356<br>Rate of recovery: 0.896<br>Omicron resilience: 0.537<br><br><br>
39,Cleveland,1,"Cleveland, OH", OH,0.447884615,0.320192308,0.318461538,0.366666667,0.818663232,0.8860957,downtown,<b>City: Cleveland<br><br><br><b><i><u>Recovery metrics:</u></i></b><br> Average over period 1: 0.448<br> Average over period 2: 0.32<br> Average over period 3: 0.318<br> Average over period 4: 0.367<br>Rate of recovery: 0.819<br>Omicron resilience: 0.886<br><br><br>
40,Honolulu,1,"Honolulu, HI", HI,0.679230769,0.603653846,0.764615385,0.601111111,0.884988046,0.91112532,downtown,<b>City: Honolulu<br><br><br><b><i><u>Recovery metrics:</u></i></b><br> Average over period 1: 0.679<br> Average over period 2: 0.604<br> Average over period 3: 0.765<br> Average over period 4: 0.601<br>Rate of recovery: 0.885<br>Omicron resilience: 0.911<br><br><br>
41,Cincinnati,1,"Cincinnati, OH", OH,0.350961538,0.410384615,0.620384615,0.528888889,1.506971081,0.727927722,downtown,<b>City: Cincinnati<br><br><br><b><i><u>Recovery metrics:</u></i></b><br> Average over period 1: 0.351<br> Average over period 2: 0.41<br> Average over period 3: 0.62<br> Average over period 4: 0.529<br>Rate of recovery: 1.507<br>Omicron resilience: 0.728<br><br><br>
42,Pittsburgh,1,"Pittsburgh, PA", PA,0.392307692,0.416346154,0.521153846,0.532222222,1.35664488,0.844693396,downtown,<b>City: Pittsburgh<br><br><br><b><i><u>Recovery metrics:</u></i></b><br> Average over period 1: 0.392<br> Average over period 2: 0.416<br> Average over period 3: 0.521<br> Average over period 4: 0.532<br>Rate of recovery: 1.357<br>Omicron resilience: 0.845<br><br><br>
43,Fort Worth,1,"Fort Worth, TX", TX,0.482115385,0.553653846,0.764230769,0.617037037,1.279853447,0.933319398,downtown,<b>City: Fort Worth<br><br><br><b><i><u>Recovery metrics:</u></i></b><br> Average over period 1: 0.482<br> Average over period 2: 0.554<br> Average over period 3: 0.764<br> Average over period 4: 0.617<br>Rate of recovery: 1.28<br>Omicron resilience: 0.933<br><br><br>
44,Columbus,1,"Columbus, OH", OH,0.3125,0.604038462,0.491153846,0.709259259,2.26962963,1.006505576,downtown,<b>City: Columbus<br><br><br><b><i><u>Recovery metrics:</u></i></b><br> Average over period 1: 0.312<br> Average over period 2: 0.604<br> Average over period 3: 0.491<br> Average over period 4: 0.709<br>Rate of recovery: 2.27<br>Omicron resilience: 1.007<br><br><br>
45,Indianapolis,1,"Indianapolis, IN", IN,0.367692308,0.366730769,0.497307692,0.414074074,1.126142879,0.756191038,downtown,<b>City: Indianapolis<br><br><br><b><i><u>Recovery metrics:</u></i></b><br> Average over period 1: 0.368<br> Average over period 2: 0.367<br> Average over period 3: 0.497<br> Average over period 4: 0.414<br>Rate of recovery: 1.126<br>Omicron resilience: 0.756<br><br><br>
46,Charlotte,1,"Charlotte, NC", NC,0.465576923,0.4775,0.523846154,0.469259259,1.00790919,0.714450719,downtown,<b>City: Charlotte<br><br><br><b><i><u>Recovery metrics:</u></i></b><br> Average over period 1: 0.466<br> Average over period 2: 0.478<br> Average over period 3: 0.524<br> Average over period 4: 0.469<br>Rate of recovery: 1.008<br>Omicron resilience: 0.714<br><br><br>
47,San Francisco,1,"San Francisco, CA", CA,0.225769231,0.188076923,0.245384615,0.214444444,0.949839107,0.660596026,downtown,<b>City: San Francisco<br><br><br><b><i><u>Recovery metrics:</u></i></b><br> Average over period 1: 0.226<br> Average over period 2: 0.188<br> Average over period 3: 0.245<br> Average over period 4: 0.214<br>Rate of recovery: 0.95<br>Omicron resilience: 0.661<br><br><br>
48,Seattle,1,"Seattle, WA", WA,0.364807692,0.313076923,0.394615385,0.320740741,0.879204983,0.774693721,downtown,<b>City: Seattle<br><br><br><b><i><u>Recovery metrics:</u></i></b><br> Average over period 1: 0.365<br> Average over period 2: 0.313<br> Average over period 3: 0.395<br> Average over period 4: 0.321<br>Rate of recovery: 0.879<br>Omicron resilience: 0.775<br><br><br>
49,Denver,1,"Denver, CO", CO,0.392307692,0.446346154,0.557692308,0.478518519,1.219753086,0.834728033,downtown,<b>City: Denver<br><br><br><b><i><u>Recovery metrics:</u></i></b><br> Average over period 1: 0.392<br> Average over period 2: 0.446<br> Average over period 3: 0.558<br> Average over period 4: 0.479<br>Rate of recovery: 1.22<br>Omicron resilience: 0.835<br><br><br>
50,Washington DC,1,Washington DC,DC,0.401730769,0.448076923,0.491923077,0.561481481,1.397656153,0.922161172,downtown,<b>City: Washington DC<br><br><br><b><i><u>Recovery metrics:</u></i></b><br> Average over period 1: 0.402<br> Average over period 2: 0.448<br> Average over period 3: 0.492<br> Average over period 4: 0.561<br>Rate of recovery: 1.398<br>Omicron resilience: 0.922<br><br><br>
51,Oakland,1,"Oakland, CA", CA,0.458076923,0.399807692,0.448461538,0.420740741,0.918493641,0.687429058,downtown,<b>City: Oakland<br><br><br><b><i><u>Recovery metrics:</u></i></b><br> Average over period 1: 0.458<br> Average over period 2: 0.4<br> Average over period 3: 0.448<br> Average over period 4: 0.421<br>Rate of recovery: 0.918<br>Omicron resilience: 0.687<br><br><br>
52,Minneapolis,1,"Minneapolis, MN", MN,0.319230769,0.270384615,0.326153846,0.363333333,1.13815261,0.723238032,downtown,<b>City: Minneapolis<br><br><br><b><i><u>Recovery metrics:</u></i></b><br> Average over period 1: 0.319<br> Average over period 2: 0.27<br> Average over period 3: 0.326<br> Average over period 4: 0.363<br>Rate of recovery: 1.138<br>Omicron resilience: 0.723<br><br><br>
53,Tulsa,1,"Tulsa, OK", OK,0.463076923,0.427692308,0.615769231,0.511111111,1.103728313,0.841388616,downtown,<b>City: Tulsa<br><br><br><b><i><u>Recovery metrics:</u></i></b><br> Average over period 1: 0.463<br> Average over period 2: 0.428<br> Average over period 3: 0.616<br> Average over period 4: 0.511<br>Rate of recovery: 1.104<br>Omicron resilience: 0.841<br><br><br>
54,Bakersfield,1,"Bakersfield, CA", CA,0.715384615,0.774423077,0.987692308,0.914814815,1.278773397,0.811447583,downtown,<b>City: Bakersfield<br><br><br><b><i><u>Recovery metrics:</u></i></b><br> Average over period 1: 0.715<br> Average over period 2: 0.774<br> Average over period 3: 0.988<br> Average over period 4: 0.915<br>Rate of recovery: 1.279<br>Omicron resilience: 0.811<br><br><br>
55,Wichita,1,"Wichita, KS", KS,0.552884615,0.598076923,0.853076923,0.700740741,1.267426731,0.802864215,downtown,<b>City: Wichita<br><br><br><b><i><u>Recovery metrics:</u></i></b><br> Average over period 1: 0.553<br> Average over period 2: 0.598<br> Average over period 3: 0.853<br> Average over period 4: 0.701<br>Rate of recovery: 1.267<br>Omicron resilience: 0.803<br><br><br>
56,Tampa,1,"Tampa, FL", FL,0.502884615,0.632307692,0.831153846,0.745925926,1.483294384,0.883344687,downtown,<b>City: Tampa<br><br><br><b><i><u>Recovery metrics:</u></i></b><br> Average over period 1: 0.503<br> Average over period 2: 0.632<br> Average over period 3: 0.831<br> Average over period 4: 0.746<br>Rate of recovery: 1.483<br>Omicron resilience: 0.883<br><br><br>
57,New Orleans,1,"New Orleans, LA", LA,0.27,0.348846154,0.562692308,0.402962963,1.492455418,0.850967541,downtown,<b>City: New Orleans<br><br><br><b><i><u>Recovery metrics:</u></i></b><br> Average over period 1: 0.27<br> Average over period 2: 0.349<br> Average over period 3: 0.563<br> Average over period 4: 0.403<br>Rate of recovery: 1.492<br>Omicron resilience: 0.851<br><br><br>
58,Sacramento,1,"Sacramento, CA", CA,0.434615385,0.421346154,0.505,0.531481481,1.222877745,0.84629017,downtown,<b>City: Sacramento<br><br><br><b><i><u>Recovery metrics:</u></i></b><br> Average over period 1: 0.435<br> Average over period 2: 0.421<br> Average over period 3: 0.505<br> Average over period 4: 0.531<br>Rate of recovery: 1.223<br>Omicron resilience: 0.846<br><br><br>
59,Milwaukee,1,"Milwaukee, WI", WI,0.477115385,0.5625,0.652307692,0.640740741,1.342947139,0.896297771,downtown,<b>City: Milwaukee<br><br><br><b><i><u>Recovery metrics:</u></i></b><br> Average over period 1: 0.477<br> Average over period 2: 0.562<br> Average over period 3: 0.652<br> Average over period 4: 0.641<br>Rate of recovery: 1.343<br>Omicron resilience: 0.896<br><br><br>
60,Albuquerque,1,"Albuquerque, NM", NM,0.573076923,0.529423077,0.69,0.72,1.256375839,1.554361702,downtown,<b>City: Albuquerque<br><br><br><b><i><u>Recovery metrics:</u></i></b><br> Average over period 1: 0.573<br> Average over period 2: 0.529<br> Average over period 3: 0.69<br> Average over period 4: 0.72<br>Rate of recovery: 1.256<br>Omicron resilience: 1.554<br><br><br>
61,Tucson,1,"Tucson, AZ", AZ,0.500192308,0.465769231,0.658846154,0.624074074,1.247668276,0.852318548,downtown,<b>City: Tucson<br><br><br><b><i><u>Recovery metrics:</u></i></b><br> Average over period 1: 0.5<br> Average over period 2: 0.466<br> Average over period 3: 0.659<br> Average over period 4: 0.624<br>Rate of recovery: 1.248<br>Omicron resilience: 0.852<br><br><br>
62,Fresno,1,"Fresno, CA", CA,0.631538462,0.610384615,0.770769231,0.825555556,1.307213425,0.996894904,downtown,<b>City: Fresno<br><br><br><b><i><u>Recovery metrics:</u></i></b><br> Average over period 1: 0.632<br> Average over period 2: 0.61<br> Average over period 3: 0.771<br> Average over period 4: 0.826<br>Rate of recovery: 1.307<br>Omicron resilience: 0.997<br><br><br>
63,Nashville,1,"Nashville, TN", TN,0.288269231,0.404423077,0.715769231,0.627037037,2.175178514,0.708493098,downtown,<b>City: Nashville<br><br><br><b><i><u>Recovery metrics:</u></i></b><br> Average over period 1: 0.288<br> Average over period 2: 0.404<br> Average over period 3: 0.716<br> Average over period 4: 0.627<br>Rate of recovery: 2.175<br>Omicron resilience: 0.708<br><br><br>
64,Oklahoma City,1,"Oklahoma City, OK", OK,0.514615385,0.941538462,1.066923077,1.06,2.059790732,1.064903846,downtown,<b>City: Oklahoma City<br><br><br><b><i><u>Recovery metrics:</u></i></b><br> Average over period 1: 0.515<br> Average over period 2: 0.942<br> Average over period 3: 1.067<br> Average over period 4: 1.06<br>Rate of recovery: 2.06<br>Omicron resilience: 1.065<br><br><br>
65,El Paso,1,"El Paso, TX", TX,0.5525,0.526923077,0.839230769,0.858518519,1.553879672,0.752982955,downtown,<b>City: El Paso<br><br><br><b><i><u>Recovery metrics:</u></i></b><br> Average over period 1: 0.552<br> Average over period 2: 0.527<br> Average over period 3: 0.839<br> Average over period 4: 0.859<br>Rate of recovery: 1.554<br>Omicron resilience: 0.753<br><br><br>
66,Boston,1,"Boston, MA", MA,0.252884615,0.286730769,0.461923077,0.423703704,1.675482326,0.584694989,downtown,<b>City: Boston<br><br><br><b><i><u>Recovery metrics:</u></i></b><br> Average over period 1: 0.253<br> Average over period 2: 0.287<br> Average over period 3: 0.462<br> Average over period 4: 0.424<br>Rate of recovery: 1.675<br>Omicron resilience: 0.585<br><br><br>
67,Salt Lake City,1,"Salt Lake City, UT", UT,0.709038462,0.692884615,0.871923077,0.795185185,1.121497956,0.860485406,city,<b>City: Salt Lake City<br><br><br><b><i><u>Recovery metrics:</u></i></b><br> Average over period 1: 0.709<br> Average over period 2: 0.693<br> Average over period 3: 0.872<br> Average over period 4: 0.795<br>Rate of recovery: 1.121<br>Omicron resilience: 0.86<br><br><br>
68,St Louis,1,"St. Louis, MO", MO,0.606346154,0.628846154,0.785769231,0.642222222,1.059167636,0.766304348,city,<b>City: St Louis<br><br><br><b><i><u>Recovery metrics:</u></i></b><br> Average over period 1: 0.606<br> Average over period 2: 0.629<br> Average over period 3: 0.786<br> Average over period 4: 0.642<br>Rate of recovery: 1.059<br>Omicron resilience: 0.766<br><br><br>
69,Orlando,1,"Orlando, FL", FL,0.601538462,0.681538462,1.142307692,0.871481481,1.448754381,0.929775281,city,<b>City: Orlando<br><br><br><b><i><u>Recovery metrics:</u></i></b><br> Average over period 1: 0.602<br> Average over period 2: 0.682<br> Average over period 3: 1.142<br> Average over period 4: 0.871<br>Rate of recovery: 1.449<br>Omicron resilience: 0.93<br><br><br>
70,San Antonio,1,"San Antonio, TX", TX,0.706153846,0.725384615,0.994230769,0.821481481,1.163318002,0.844896088,city,<b>City: San Antonio<br><br><br><b><i><u>Recovery metrics:</u></i></b><br> Average over period 1: 0.706<br> Average over period 2: 0.725<br> Average over period 3: 0.994<br> Average over period 4: 0.821<br>Rate of recovery: 1.163<br>Omicron resilience: 0.845<br><br><br>
71,San Diego,1,"San Diego, CA", CA,0.67,0.730384615,0.935384615,0.829259259,1.237700387,0.879360465,city,<b>City: San Diego<br><br><br><b><i><u>Recovery metrics:</u></i></b><br> Average over period 1: 0.67<br> Average over period 2: 0.73<br> Average over period 3: 0.935<br> Average over period 4: 0.829<br>Rate of recovery: 1.238<br>Omicron resilience: 0.879<br><br><br>
72,Dallas,1,"Dallas, TX", TX,0.712307692,0.682884615,0.926153846,0.744444444,1.045116391,0.883532423,city,<b>City: Dallas<br><br><br><b><i><u>Recovery metrics:</u></i></b><br> Average over period 1: 0.712<br> Average over period 2: 0.683<br> Average over period 3: 0.926<br> Average over period 4: 0.744<br>Rate of recovery: 1.045<br>Omicron resilience: 0.884<br><br><br>
73,San Jose,1,"San Jose, CA", CA,0.623076923,0.587307692,0.764230769,0.67962963,1.090763603,0.919123205,city,<b>City: San Jose<br><br><br><b><i><u>Recovery metrics:</u></i></b><br> Average over period 1: 0.623<br> Average over period 2: 0.587<br> Average over period 3: 0.764<br> Average over period 4: 0.68<br>Rate of recovery: 1.091<br>Omicron resilience: 0.919<br><br><br>
74,Austin,1,"Austin, TX", TX,0.650192308,0.694038462,0.925,0.737777778,1.134707023,0.865410959,city,<b>City: Austin<br><br><br><b><i><u>Recovery metrics:</u></i></b><br> Average over period 1: 0.65<br> Average over period 2: 0.694<br> Average over period 3: 0.925<br> Average over period 4: 0.738<br>Rate of recovery: 1.135<br>Omicron resilience: 0.865<br><br><br>
75,Jacksonville,1,"Jacksonville, FL", FL,0.847884615,0.909807692,1.184615385,0.965185185,1.138344968,0.879074658,city,<b>City: Jacksonville<br><br><br><b><i><u>Recovery metrics:</u></i></b><br> Average over period 1: 0.848<br> Average over period 2: 0.91<br> Average over period 3: 1.185<br> Average over period 4: 0.965<br>Rate of recovery: 1.138<br>Omicron resilience: 0.879<br><br><br>
76,Portland,1,"Portland, OR", OR,0.650192308,0.630576923,0.775769231,0.608888889,0.936475073,0.781426839,city,<b>City: Portland<br><br><br><b><i><u>Recovery metrics:</u></i></b><br> Average over period 1: 0.65<br> Average over period 2: 0.631<br> Average over period 3: 0.776<br> Average over period 4: 0.609<br>Rate of recovery: 0.936<br>Omicron resilience: 0.781<br><br><br>
77,Las Vegas,1,"Las Vegas, NV", NV,0.590961538,0.655961538,0.927307692,0.718148148,1.215219776,0.858936096,city,<b>City: Las Vegas<br><br><br><b><i><u>Recovery metrics:</u></i></b><br> Average over period 1: 0.591<br> Average over period 2: 0.656<br> Average over period 3: 0.927<br> Average over period 4: 0.718<br>Rate of recovery: 1.215<br>Omicron resilience: 0.859<br><br><br>
78,Detroit,1,"Detroit, MI", MI,0.680576923,0.690192308,0.835384615,0.674074074,0.990445093,0.812684366,city,<b>City: Detroit<br><br><br><b><i><u>Recovery metrics:</u></i></b><br> Average over period 1: 0.681<br> Average over period 2: 0.69<br> Average over period 3: 0.835<br> Average over period 4: 0.674<br>Rate of recovery: 0.99<br>Omicron resilience: 0.813<br><br><br>
79,New York,1,"New York, NY", NY,0.649615385,0.634423077,0.755384615,0.644444444,0.992039997,0.806293303,city,<b>City: New York<br><br><br><b><i><u>Recovery metrics:</u></i></b><br> Average over period 1: 0.65<br> Average over period 2: 0.634<br> Average over period 3: 0.755<br> Average over period 4: 0.644<br>Rate of recovery: 0.992<br>Omicron resilience: 0.806<br><br><br>
80,Los Angeles,1,"Los Angeles, CA", CA,0.591923077,0.583653846,0.743846154,0.675555556,1.141289438,0.819690265,city,<b>City: Los Angeles<br><br><br><b><i><u>Recovery metrics:</u></i></b><br> Average over period 1: 0.592<br> Average over period 2: 0.584<br> Average over period 3: 0.744<br> Average over period 4: 0.676<br>Rate of recovery: 1.141<br>Omicron resilience: 0.82<br><br><br>
81,Chicago,1,"Chicago, IL", IL,0.613269231,0.627115385,0.756923077,0.647777778,1.056269816,0.791063262,city,<b>City: Chicago<br><br><br><b><i><u>Recovery metrics:</u></i></b><br> Average over period 1: 0.613<br> Average over period 2: 0.627<br> Average over period 3: 0.757<br> Average over period 4: 0.648<br>Rate of recovery: 1.056<br>Omicron resilience: 0.791<br><br><br>
82,Houston,1,"Houston, TX", TX,0.717692308,0.757692308,0.967307692,0.791111111,1.10229844,0.885282776,city,<b>City: Houston<br><br><br><b><i><u>Recovery metrics:</u></i></b><br> Average over period 1: 0.718<br> Average over period 2: 0.758<br> Average over period 3: 0.967<br> Average over period 4: 0.791<br>Rate of recovery: 1.102<br>Omicron resilience: 0.885<br><br><br>
83,Phoenix,1,"Phoenix, AZ", AZ,0.726346154,0.758653846,0.971153846,0.796666667,1.09681405,0.885130823,city,<b>City: Phoenix<br><br><br><b><i><u>Recovery metrics:</u></i></b><br> Average over period 1: 0.726<br> Average over period 2: 0.759<br> Average over period 3: 0.971<br> Average over period 4: 0.797<br>Rate of recovery: 1.097<br>Omicron resilience: 0.885<br><br><br>
84,Philadelphia,1,"Philadelphia, PA", PA,0.6425,0.623653846,0.743076923,0.606666667,0.944228275,0.749698795,city,<b>City: Philadelphia<br><br><br><b><i><u>Recovery metrics:</u></i></b><br> Average over period 1: 0.642<br> Average over period 2: 0.624<br> Average over period 3: 0.743<br> Average over period 4: 0.607<br>Rate of recovery: 0.944<br>Omicron resilience: 0.75<br><br><br>
85,Kansas City,1,"Kansas City, MO", MO,0.733269231,0.745961538,0.960384615,0.772592593,1.053627454,0.871559633,city,<b>City: Kansas City<br><br><br><b><i><u>Recovery metrics:</u></i></b><br> Average over period 1: 0.733<br> Average over period 2: 0.746<br> Average over period 3: 0.96<br> Average over period 4: 0.773<br>Rate of recovery: 1.054<br>Omicron resilience: 0.872<br><br><br>
86,Atlanta,1,"Atlanta, GA", GA,0.561538462,0.732884615,0.805384615,0.70037037,1.247234906,0.810195035,city,<b>City: Atlanta<br><br><br><b><i><u>Recovery metrics:</u></i></b><br> Average over period 1: 0.562<br> Average over period 2: 0.733<br> Average over period 3: 0.805<br> Average over period 4: 0.7<br>Rate of recovery: 1.247<br>Omicron resilience: 0.81<br><br><br>
87,Omaha,1,"Omaha, NE", NE,0.784807692,0.787884615,1.027692308,0.78,0.99387405,0.970652174,city,<b>City: Omaha<br><br><br><b><i><u>Recovery metrics:</u></i></b><br> Average over period 1: 0.785<br> Average over period 2: 0.788<br> Average over period 3: 1.028<br> Average over period 4: 0.78<br>Rate of recovery: 0.994<br>Omicron resilience: 0.971<br><br><br>
88,Colorado Springs,1,"Colorado Springs, CO", CO,0.826923077,0.820961538,1.056538462,0.87962963,1.063738157,0.894927536,city,<b>City: Colorado Springs<br><br><br><b><i><u>Recovery metrics:</u></i></b><br> Average over period 1: 0.827<br> Average over period 2: 0.821<br> Average over period 3: 1.057<br> Average over period 4: 0.88<br>Rate of recovery: 1.064<br>Omicron resilience: 0.895<br><br><br>
89,Raleigh,1,"Raleigh, NC", NC,0.568461538,0.614615385,0.751923077,0.658518519,1.158422292,0.766927083,city,<b>City: Raleigh<br><br><br><b><i><u>Recovery metrics:</u></i></b><br> Average over period 1: 0.568<br> Average over period 2: 0.615<br> Average over period 3: 0.752<br> Average over period 4: 0.659<br>Rate of recovery: 1.158<br>Omicron resilience: 0.767<br><br><br>
90,Miami,1,"Miami, FL", FL,0.527307692,0.584807692,0.808076923,0.689259259,1.307129157,0.903839021,city,<b>City: Miami<br><br><br><b><i><u>Recovery metrics:</u></i></b><br> Average over period 1: 0.527<br> Average over period 2: 0.585<br> Average over period 3: 0.808<br> Average over period 4: 0.689<br>Rate of recovery: 1.307<br>Omicron resilience: 0.904<br><br><br>
91,Memphis,1,"Memphis, TN", TN,0.737692308,0.736153846,0.930769231,0.77,1.04379562,0.816742081,city,<b>City: Memphis<br><br><br><b><i><u>Recovery metrics:</u></i></b><br> Average over period 1: 0.738<br> Average over period 2: 0.736<br> Average over period 3: 0.931<br> Average over period 4: 0.77<br>Rate of recovery: 1.044<br>Omicron resilience: 0.817<br><br><br>
92,Louisville,1,"Louisville, KY", KY,0.730961538,0.721153846,0.951153846,0.733333333,1.00324476,0.845890411,city,<b>City: Louisville<br><br><br><b><i><u>Recovery metrics:</u></i></b><br> Average over period 1: 0.731<br> Average over period 2: 0.721<br> Average over period 3: 0.951<br> Average over period 4: 0.733<br>Rate of recovery: 1.003<br>Omicron resilience: 0.846<br><br><br>
93,Baltimore,1,"Baltimore, MD", MD,0.774423077,0.749423077,0.9,0.777407407,1.003853618,0.79418309,city,<b>City: Baltimore<br><br><br><b><i><u>Recovery metrics:</u></i></b><br> Average over period 1: 0.774<br> Average over period 2: 0.749<br> Average over period 3: 0.9<br> Average over period 4: 0.777<br>Rate of recovery: 1.004<br>Omicron resilience: 0.794<br><br><br>
94,Vancouver,0,"Vancouver, BC", BC,0.644807692,0.681153846,0.689230769,0.633333333,0.982204991,0.626662971,city,<b>City: Vancouver<br><br><br><b><i><u>Recovery metrics:</u></i></b><br> Average over period 1: 0.645<br> Average over period 2: 0.681<br> Average over period 3: 0.689<br> Average over period 4: 0.633<br>Rate of recovery: 0.982<br>Omicron resilience: 0.627<br><br><br>
95,Montreal,0,"Montreal, QC", QC,0.718846154,0.668653846,0.723846154,0.607037037,0.844460298,0.610141871,city,<b>City: Montreal<br><br><br><b><i><u>Recovery metrics:</u></i></b><br> Average over period 1: 0.719<br> Average over period 2: 0.669<br> Average over period 3: 0.724<br> Average over period 4: 0.607<br>Rate of recovery: 0.844<br>Omicron resilience: 0.61<br><br><br>
96,Calgary,0,"Calgary, AB", AB,0.928653846,1.023076923,1.081153846,1.048148148,1.128674751,0.660794941,city,<b>City: Calgary<br><br><br><b><i><u>Recovery metrics:</u></i></b><br> Average over period 1: 0.929<br> Average over period 2: 1.023<br> Average over period 3: 1.081<br> Average over period 4: 1.048<br>Rate of recovery: 1.129<br>Omicron resilience: 0.661<br><br><br>
97,Edmonton,0,"Edmonton, AB", AB,0.900769231,0.869423077,0.913461538,0.915185185,1.016004048,0.648505925,city,<b>City: Edmonton<br><br><br><b><i><u>Recovery metrics:</u></i></b><br> Average over period 1: 0.901<br> Average over period 2: 0.869<br> Average over period 3: 0.913<br> Average over period 4: 0.915<br>Rate of recovery: 1.016<br>Omicron resilience: 0.649<br><br><br>
98,Mississauga,0,"Missisauga, ON", ON,1.130769231,1.104807692,1.223076923,1.162592593,1.028143109,0.619026104,city,<b>City: Mississauga<br><br><br><b><i><u>Recovery metrics:</u></i></b><br> Average over period 1: 1.131<br> Average over period 2: 1.105<br> Average over period 3: 1.223<br> Average over period 4: 1.163<br>Rate of recovery: 1.028<br>Omicron resilience: 0.619<br><br><br>
99,Halifax,0,"Halifax, NS", NS,0.937884615,1.201730769,1.227307692,1.091481481,1.16376947,0.600818452,city,<b>City: Halifax<br><br><br><b><i><u>Recovery metrics:</u></i></b><br> Average over period 1: 0.938<br> Average over period 2: 1.202<br> Average over period 3: 1.227<br> Average over period 4: 1.091<br>Rate of recovery: 1.164<br>Omicron resilience: 0.601<br><br><br>
100,London,0,"London, ON", ON,0.815,0.940576923,1.001923077,1.041851852,1.27834583,0.573312004,city,<b>City: London<br><br><br><b><i><u>Recovery metrics:</u></i></b><br> Average over period 1: 0.815<br> Average over period 2: 0.941<br> Average over period 3: 1.002<br> Average over period 4: 1.042<br>Rate of recovery: 1.278<br>Omicron resilience: 0.573<br><br><br>
101,Ottawa,0,"Ottawa, ON", ON,0.920576923,0.846730769,0.917307692,0.801111111,0.870227236,0.659332546,city,<b>City: Ottawa<br><br><br><b><i><u>Recovery metrics:</u></i></b><br> Average over period 1: 0.921<br> Average over period 2: 0.847<br> Average over period 3: 0.917<br> Average over period 4: 0.801<br>Rate of recovery: 0.87<br>Omicron resilience: 0.659<br><br><br>
102,Winnipeg,0,"Winnipeg, MB", MB,1.022692308,0.91,0.963846154,0.971481481,0.94992548,0.674253549,city,<b>City: Winnipeg<br><br><br><b><i><u>Recovery metrics:</u></i></b><br> Average over period 1: 1.023<br> Average over period 2: 0.91<br> Average over period 3: 0.964<br> Average over period 4: 0.971<br>Rate of recovery: 0.95<br>Omicron resilience: 0.674<br><br><br>
103,Quebec,0,"Quebec, QC", QC,0.750769231,0.786730769,0.898846154,0.807407407,1.075440194,0.57514245,city,<b>City: Quebec<br><br><br><b><i><u>Recovery metrics:</u></i></b><br> Average over period 1: 0.751<br> Average over period 2: 0.787<br> Average over period 3: 0.899<br> Average over period 4: 0.807<br>Rate of recovery: 1.075<br>Omicron resilience: 0.575<br><br><br>
104,Toronto,0,"Toronto, ON", ON,0.775384615,0.723653846,0.741538462,0.681851852,0.879372428,0.603457084,city,<b>City: Toronto<br><br><br><b><i><u>Recovery metrics:</u></i></b><br> Average over period 1: 0.775<br> Average over period 2: 0.724<br> Average over period 3: 0.742<br> Average over period 4: 0.682<br>Rate of recovery: 0.879<br>Omicron resilience: 0.603<br><br><br>
105,Cleveland,1,"Cleveland, OH", OH,0.656153846,0.631538462,0.794615385,0.638148148,0.972558725,0.763132669,city,<b>City: Cleveland<br><br><br><b><i><u>Recovery metrics:</u></i></b><br> Average over period 1: 0.656<br> Average over period 2: 0.632<br> Average over period 3: 0.795<br> Average over period 4: 0.638<br>Rate of recovery: 0.973<br>Omicron resilience: 0.763<br><br><br>
106,Honolulu,1,"Honolulu, HI", HI,0.614230769,0.623076923,0.956923077,0.713703704,1.161947169,0.854798871,city,<b>City: Honolulu<br><br><br><b><i><u>Recovery metrics:</u></i></b><br> Average over period 1: 0.614<br> Average over period 2: 0.623<br> Average over period 3: 0.957<br> Average over period 4: 0.714<br>Rate of recovery: 1.162<br>Omicron resilience: 0.855<br><br><br>
107,Cincinnati,1,"Cincinnati, OH", OH,0.699038462,0.720384615,0.944230769,0.750740741,1.073961995,0.849464166,city,<b>City: Cincinnati<br><br><br><b><i><u>Recovery metrics:</u></i></b><br> Average over period 1: 0.699<br> Average over period 2: 0.72<br> Average over period 3: 0.944<br> Average over period 4: 0.751<br>Rate of recovery: 1.074<br>Omicron resilience: 0.849<br><br><br>
108,Pittsburgh,1,"Pittsburgh, PA", PA,0.661730769,0.670961538,0.884615385,0.742222222,1.121637767,0.860554045,city,<b>City: Pittsburgh<br><br><br><b><i><u>Recovery metrics:</u></i></b><br> Average over period 1: 0.662<br> Average over period 2: 0.671<br> Average over period 3: 0.885<br> Average over period 4: 0.742<br>Rate of recovery: 1.122<br>Omicron resilience: 0.861<br><br><br>
109,Fort Worth,1,"Fort Worth, TX", TX,0.816923077,0.812692308,1.076538462,0.830740741,1.016914278,0.92557311,city,<b>City: Fort Worth<br><br><br><b><i><u>Recovery metrics:</u></i></b><br> Average over period 1: 0.817<br> Average over period 2: 0.813<br> Average over period 3: 1.077<br> Average over period 4: 0.831<br>Rate of recovery: 1.017<br>Omicron resilience: 0.926<br><br><br>
110,Columbus,1,"Columbus, OH", OH,0.685961538,0.719615385,0.920384615,0.734814815,1.071218682,0.841382253,city,<b>City: Columbus<br><br><br><b><i><u>Recovery metrics:</u></i></b><br> Average over period 1: 0.686<br> Average over period 2: 0.72<br> Average over period 3: 0.92<br> Average over period 4: 0.735<br>Rate of recovery: 1.071<br>Omicron resilience: 0.841<br><br><br>
111,Indianapolis,1,"Indianapolis, IN", IN,0.705769231,0.726730769,0.940769231,0.757407407,1.073165809,0.852159468,city,<b>City: Indianapolis<br><br><br><b><i><u>Recovery metrics:</u></i></b><br> Average over period 1: 0.706<br> Average over period 2: 0.727<br> Average over period 3: 0.941<br> Average over period 4: 0.757<br>Rate of recovery: 1.073<br>Omicron resilience: 0.852<br><br><br>
112,Charlotte,1,"Charlotte, NC", NC,0.741538462,0.810192308,1.034230769,0.782222222,1.054863993,0.777734129,city,<b>City: Charlotte<br><br><br><b><i><u>Recovery metrics:</u></i></b><br> Average over period 1: 0.742<br> Average over period 2: 0.81<br> Average over period 3: 1.034<br> Average over period 4: 0.782<br>Rate of recovery: 1.055<br>Omicron resilience: 0.778<br><br><br>
113,San Francisco,1,"San Francisco, CA", CA,0.497307692,0.471923077,0.578461538,0.501481481,1.00839277,0.824751244,city,<b>City: San Francisco<br><br><br><b><i><u>Recovery metrics:</u></i></b><br> Average over period 1: 0.497<br> Average over period 2: 0.472<br> Average over period 3: 0.578<br> Average over period 4: 0.501<br>Rate of recovery: 1.008<br>Omicron resilience: 0.825<br><br><br>
114,Seattle,1,"Seattle, WA", WA,0.526346154,0.523076923,0.601153846,0.495185185,0.940797575,0.819542254,city,<b>City: Seattle<br><br><br><b><i><u>Recovery metrics:</u></i></b><br> Average over period 1: 0.526<br> Average over period 2: 0.523<br> Average over period 3: 0.601<br> Average over period 4: 0.495<br>Rate of recovery: 0.941<br>Omicron resilience: 0.82<br><br><br>
115,Denver,1,"Denver, CO", CO,0.725192308,0.736538462,0.942692308,0.784074074,1.081194692,0.870884442,city,<b>City: Denver<br><br><br><b><i><u>Recovery metrics:</u></i></b><br> Average over period 1: 0.725<br> Average over period 2: 0.737<br> Average over period 3: 0.943<br> Average over period 4: 0.784<br>Rate of recovery: 1.081<br>Omicron resilience: 0.871<br><br><br>
116,Washington DC,1,Washington DC,DC,0.586346154,0.622307692,0.724230769,0.658148148,1.122456665,0.856527565,city,<b>City: Washington DC<br><br><br><b><i><u>Recovery metrics:</u></i></b><br> Average over period 1: 0.586<br> Average over period 2: 0.622<br> Average over period 3: 0.724<br> Average over period 4: 0.658<br>Rate of recovery: 1.122<br>Omicron resilience: 0.857<br><br><br>
117,Oakland,1,"Oakland, CA", CA,0.585769231,0.588269231,0.699615385,0.628148148,1.072347462,0.855152366,city,<b>City: Oakland<br><br><br><b><i><u>Recovery metrics:</u></i></b><br> Average over period 1: 0.586<br> Average over period 2: 0.588<br> Average over period 3: 0.7<br> Average over period 4: 0.628<br>Rate of recovery: 1.072<br>Omicron resilience: 0.855<br><br><br>
118,Minneapolis,1,"Minneapolis, MN", MN,0.635,0.670961538,0.825769231,0.694074074,1.093030038,0.83390411,city,<b>City: Minneapolis<br><br><br><b><i><u>Recovery metrics:</u></i></b><br> Average over period 1: 0.635<br> Average over period 2: 0.671<br> Average over period 3: 0.826<br> Average over period 4: 0.694<br>Rate of recovery: 1.093<br>Omicron resilience: 0.834<br><br><br>
119,Tulsa,1,"Tulsa, OK", OK,0.795,0.789423077,1.058076923,0.821111111,1.032844165,0.88933664,city,<b>City: Tulsa<br><br><br><b><i><u>Recovery metrics:</u></i></b><br> Average over period 1: 0.795<br> Average over period 2: 0.789<br> Average over period 3: 1.058<br> Average over period 4: 0.821<br>Rate of recovery: 1.033<br>Omicron resilience: 0.889<br><br><br>
120,Bakersfield,1,"Bakersfield, CA", CA,0.858076923,0.866730769,1.149230769,1.032592593,1.203379982,0.909474206,city,<b>City: Bakersfield<br><br><br><b><i><u>Recovery metrics:</u></i></b><br> Average over period 1: 0.858<br> Average over period 2: 0.867<br> Average over period 3: 1.149<br> Average over period 4: 1.033<br>Rate of recovery: 1.203<br>Omicron resilience: 0.909<br><br><br>
121,Wichita,1,"Wichita, KS", KS,0.791923077,0.835961538,1.090384615,0.885555556,1.11823431,0.860683761,city,<b>City: Wichita<br><br><br><b><i><u>Recovery metrics:</u></i></b><br> Average over period 1: 0.792<br> Average over period 2: 0.836<br> Average over period 3: 1.09<br> Average over period 4: 0.886<br>Rate of recovery: 1.118<br>Omicron resilience: 0.861<br><br><br>
122,Tampa,1,"Tampa, FL", FL,0.698076923,0.79,1.035384615,0.878148148,1.25795327,0.885639838,city,<b>City: Tampa<br><br><br><b><i><u>Recovery metrics:</u></i></b><br> Average over period 1: 0.698<br> Average over period 2: 0.79<br> Average over period 3: 1.035<br> Average over period 4: 0.878<br>Rate of recovery: 1.258<br>Omicron resilience: 0.886<br><br><br>
123,New Orleans,1,"New Orleans, LA", LA,0.582692308,0.623076923,0.796153846,0.612222222,1.050678401,0.907504181,city,<b>City: New Orleans<br><br><br><b><i><u>Recovery metrics:</u></i></b><br> Average over period 1: 0.583<br> Average over period 2: 0.623<br> Average over period 3: 0.796<br> Average over period 4: 0.612<br>Rate of recovery: 1.051<br>Omicron resilience: 0.908<br><br><br>
124,Sacramento,1,"Sacramento, CA", CA,0.765961538,0.788653846,0.970384615,0.825925926,1.078286421,0.876227747,city,<b>City: Sacramento<br><br><br><b><i><u>Recovery metrics:</u></i></b><br> Average over period 1: 0.766<br> Average over period 2: 0.789<br> Average over period 3: 0.97<br> Average over period 4: 0.826<br>Rate of recovery: 1.078<br>Omicron resilience: 0.876<br><br><br>
125,Milwaukee,1,"Milwaukee, WI", WI,0.704038462,0.706538462,0.875384615,0.737777778,1.047922547,0.858766234,city,<b>City: Milwaukee<br><br><br><b><i><u>Recovery metrics:</u></i></b><br> Average over period 1: 0.704<br> Average over period 2: 0.707<br> Average over period 3: 0.875<br> Average over period 4: 0.738<br>Rate of recovery: 1.048<br>Omicron resilience: 0.859<br><br><br>
126,Albuquerque,1,"Albuquerque, NM", NM,0.774807692,0.7225,1.003846154,0.767407407,0.990448875,0.890428003,city,<b>City: Albuquerque<br><br><br><b><i><u>Recovery metrics:</u></i></b><br> Average over period 1: 0.775<br> Average over period 2: 0.723<br> Average over period 3: 1.004<br> Average over period 4: 0.767<br>Rate of recovery: 0.99<br>Omicron resilience: 0.89<br><br><br>
127,Tucson,1,"Tucson, AZ", AZ,0.780576923,0.7425,0.996923077,0.848888889,1.087514714,0.924090909,city,<b>City: Tucson<br><br><br><b><i><u>Recovery metrics:</u></i></b><br> Average over period 1: 0.781<br> Average over period 2: 0.743<br> Average over period 3: 0.997<br> Average over period 4: 0.849<br>Rate of recovery: 1.088<br>Omicron resilience: 0.924<br><br><br>
128,Fresno,1,"Fresno, CA", CA,0.830769231,0.847884615,1.136538462,1.026296296,1.235356653,0.920505759,city,<b>City: Fresno<br><br><br><b><i><u>Recovery metrics:</u></i></b><br> Average over period 1: 0.831<br> Average over period 2: 0.848<br> Average over period 3: 1.137<br> Average over period 4: 1.026<br>Rate of recovery: 1.235<br>Omicron resilience: 0.921<br><br><br>
129,Nashville,1,"Nashville, TN", TN,0.642307692,0.702307692,0.911538462,0.75,1.167664671,0.852768456,city,<b>City: Nashville<br><br><br><b><i><u>Recovery metrics:</u></i></b><br> Average over period 1: 0.642<br> Average over period 2: 0.702<br> Average over period 3: 0.912<br> Average over period 4: 0.75<br>Rate of recovery: 1.168<br>Omicron resilience: 0.853<br><br><br>
130,Oklahoma City,1,"Oklahoma City, OK", OK,0.783461538,0.791538462,1.03,0.82,1.046637212,0.866831073,city,<b>City: Oklahoma City<br><br><br><b><i><u>Recovery metrics:</u></i></b><br> Average over period 1: 0.783<br> Average over period 2: 0.792<br> Average over period 3: 1.03<br> Average over period 4: 0.82<br>Rate of recovery: 1.047<br>Omicron resilience: 0.867<br><br><br>
131,El Paso,1,"El Paso, TX", TX,0.749807692,0.685,1.036923077,0.942222222,1.256618506,0.972368421,city,<b>City: El Paso<br><br><br><b><i><u>Recovery metrics:</u></i></b><br> Average over period 1: 0.75<br> Average over period 2: 0.685<br> Average over period 3: 1.037<br> Average over period 4: 0.942<br>Rate of recovery: 1.257<br>Omicron resilience: 0.972<br><br><br>
132,Boston,1,"Boston, MA", MA,0.546730769,0.552884615,0.705769231,0.72,1.316918748,0.800378267,city,<b>City: Boston<br><br><br><b><i><u>Recovery metrics:</u></i></b><br> Average over period 1: 0.547<br> Average over period 2: 0.553<br> Average over period 3: 0.706<br> Average over period 4: 0.72<br>Rate of recovery: 1.317<br>Omicron resilience: 0.8<br><br><br>
133,Salt Lake City,1,"Salt Lake City, UT", UT,0.670576923,0.880576923,0.95,1.237777778,1.845840105,1.047703752,relative,<b>City: Salt Lake City<br><br><br><b><i><u>Recovery metrics:</u></i></b><br> Average over period 1: 0.671<br> Average over period 2: 0.881<br> Average over period 3: 0.95<br> Average over period 4: 1.238<br>Rate of recovery: 1.846<br>Omicron resilience: 1.048<br><br><br>
134,St Louis,1,"St. Louis, MO", MO,0.483846154,0.539807692,0.677307692,0.694814815,1.43602426,1.19797514,relative,<b>City: St Louis<br><br><br><b><i><u>Recovery metrics:</u></i></b><br> Average over period 1: 0.484<br> Average over period 2: 0.54<br> Average over period 3: 0.677<br> Average over period 4: 0.695<br>Rate of recovery: 1.436<br>Omicron resilience: 1.198<br><br><br>
135,Orlando,1,"Orlando, FL", FL,1.714038462,0.686730769,0.661538462,1.282592593,0.748286938,1.768387909,relative,<b>City: Orlando<br><br><br><b><i><u>Recovery metrics:</u></i></b><br> Average over period 1: 1.714<br> Average over period 2: 0.687<br> Average over period 3: 0.662<br> Average over period 4: 1.283<br>Rate of recovery: 0.748<br>Omicron resilience: 1.768<br><br><br>
136,San Antonio,1,"San Antonio, TX", TX,0.411923077,0.557115385,0.692692308,0.671851852,1.631012899,0.886355034,relative,<b>City: San Antonio<br><br><br><b><i><u>Recovery metrics:</u></i></b><br> Average over period 1: 0.412<br> Average over period 2: 0.557<br> Average over period 3: 0.693<br> Average over period 4: 0.672<br>Rate of recovery: 1.631<br>Omicron resilience: 0.886<br><br><br>
137,San Diego,1,"San Diego, CA", CA,0.552692308,0.710769231,0.837692308,0.852222222,1.541946957,0.852923804,relative,<b>City: San Diego<br><br><br><b><i><u>Recovery metrics:</u></i></b><br> Average over period 1: 0.553<br> Average over period 2: 0.711<br> Average over period 3: 0.838<br> Average over period 4: 0.852<br>Rate of recovery: 1.542<br>Omicron resilience: 0.853<br><br><br>
138,Dallas,1,"Dallas, TX", TX,0.499615385,0.590384615,1.513076923,2.174814815,4.352978074,0.868255814,relative,<b>City: Dallas<br><br><br><b><i><u>Recovery metrics:</u></i></b><br> Average over period 1: 0.5<br> Average over period 2: 0.59<br> Average over period 3: 1.513<br> Average over period 4: 2.175<br>Rate of recovery: 4.353<br>Omicron resilience: 0.868<br><br><br>
139,San Jose,1,"San Jose, CA", CA,0.550961538,0.560384615,0.640769231,0.714814815,1.297395126,0.760259918,relative,<b>City: San Jose<br><br><br><b><i><u>Recovery metrics:</u></i></b><br> Average over period 1: 0.551<br> Average over period 2: 0.56<br> Average over period 3: 0.641<br> Average over period 4: 0.715<br>Rate of recovery: 1.297<br>Omicron resilience: 0.76<br><br><br>
140,Austin,1,"Austin, TX", TX,0.481923077,0.617692308,0.624615385,0.69,1.431763767,0.904929577,relative,<b>City: Austin<br><br><br><b><i><u>Recovery metrics:</u></i></b><br> Average over period 1: 0.482<br> Average over period 2: 0.618<br> Average over period 3: 0.625<br> Average over period 4: 0.69<br>Rate of recovery: 1.432<br>Omicron resilience: 0.905<br><br><br>
141,Jacksonville,1,"Jacksonville, FL", FL,0.521923077,0.49,0.541153846,0.663703704,1.271650427,0.881312165,relative,<b>City: Jacksonville<br><br><br><b><i><u>Recovery metrics:</u></i></b><br> Average over period 1: 0.522<br> Average over period 2: 0.49<br> Average over period 3: 0.541<br> Average over period 4: 0.664<br>Rate of recovery: 1.272<br>Omicron resilience: 0.881<br><br><br>
142,Portland,1,"Portland, OR", OR,0.666153846,0.396538462,0.446538462,0.504814815,0.757805149,0.898129424,relative,<b>City: Portland<br><br><br><b><i><u>Recovery metrics:</u></i></b><br> Average over period 1: 0.666<br> Average over period 2: 0.397<br> Average over period 3: 0.447<br> Average over period 4: 0.505<br>Rate of recovery: 0.758<br>Omicron resilience: 0.898<br><br><br>
143,Las Vegas,1,"Las Vegas, NV", NV,0.796346154,0.829038462,0.892307692,0.872962963,1.096210434,1.0783467,relative,<b>City: Las Vegas<br><br><br><b><i><u>Recovery metrics:</u></i></b><br> Average over period 1: 0.796<br> Average over period 2: 0.829<br> Average over period 3: 0.892<br> Average over period 4: 0.873<br>Rate of recovery: 1.096<br>Omicron resilience: 1.078<br><br><br>
144,Detroit,1,"Detroit, MI", MI,0.352307692,0.405,0.470384615,0.577407407,1.638929322,0.930915179,relative,<b>City: Detroit<br><br><br><b><i><u>Recovery metrics:</u></i></b><br> Average over period 1: 0.352<br> Average over period 2: 0.405<br> Average over period 3: 0.47<br> Average over period 4: 0.577<br>Rate of recovery: 1.639<br>Omicron resilience: 0.931<br><br><br>
145,New York,1,"New York, NY", NY,0.351538462,0.390384615,0.488076923,0.665555556,1.893265257,0.920656371,relative,<b>City: New York<br><br><br><b><i><u>Recovery metrics:</u></i></b><br> Average over period 1: 0.352<br> Average over period 2: 0.39<br> Average over period 3: 0.488<br> Average over period 4: 0.666<br>Rate of recovery: 1.893<br>Omicron resilience: 0.921<br><br><br>
146,Los Angeles,1,"Los Angeles, CA", CA,0.710192308,0.751730769,0.711923077,0.761111111,1.071697205,0.87875,relative,<b>City: Los Angeles<br><br><br><b><i><u>Recovery metrics:</u></i></b><br> Average over period 1: 0.71<br> Average over period 2: 0.752<br> Average over period 3: 0.712<br> Average over period 4: 0.761<br>Rate of recovery: 1.072<br>Omicron resilience: 0.879<br><br><br>
147,Chicago,1,"Chicago, IL", IL,0.366923077,0.420961538,0.455769231,0.589259259,1.605947667,1.02610261,relative,<b>City: Chicago<br><br><br><b><i><u>Recovery metrics:</u></i></b><br> Average over period 1: 0.367<br> Average over period 2: 0.421<br> Average over period 3: 0.456<br> Average over period 4: 0.589<br>Rate of recovery: 1.606<br>Omicron resilience: 1.026<br><br><br>
148,Houston,1,"Houston, TX", TX,0.497115385,0.529038462,0.568461538,0.876296296,1.762762376,0.646102151,relative,<b>City: Houston<br><br><br><b><i><u>Recovery metrics:</u></i></b><br> Average over period 1: 0.497<br> Average over period 2: 0.529<br> Average over period 3: 0.568<br> Average over period 4: 0.876<br>Rate of recovery: 1.763<br>Omicron resilience: 0.646<br><br><br>
149,Phoenix,1,"Phoenix, AZ", AZ,0.812307692,0.716730769,0.651153846,0.648518519,0.7983656,1.155241935,relative,<b>City: Phoenix<br><br><br><b><i><u>Recovery metrics:</u></i></b><br> Average over period 1: 0.812<br> Average over period 2: 0.717<br> Average over period 3: 0.651<br> Average over period 4: 0.649<br>Rate of recovery: 0.798<br>Omicron resilience: 1.155<br><br><br>
150,Philadelphia,1,"Philadelphia, PA", PA,0.486346154,0.566153846,0.619230769,0.708518519,1.456819413,0.793322873,relative,<b>City: Philadelphia<br><br><br><b><i><u>Recovery metrics:</u></i></b><br> Average over period 1: 0.486<br> Average over period 2: 0.566<br> Average over period 3: 0.619<br> Average over period 4: 0.709<br>Rate of recovery: 1.457<br>Omicron resilience: 0.793<br><br><br>
151,Kansas City,1,"Kansas City, MO", MO,1.136538462,0.515576923,0.588076923,0.528148148,0.464698878,1.152864583,relative,<b>City: Kansas City<br><br><br><b><i><u>Recovery metrics:</u></i></b><br> Average over period 1: 1.137<br> Average over period 2: 0.516<br> Average over period 3: 0.588<br> Average over period 4: 0.528<br>Rate of recovery: 0.465<br>Omicron resilience: 1.153<br><br><br>
152,Atlanta,1,"Atlanta, GA", GA,0.509615385,0.425576923,0.498846154,0.69962963,1.372858141,0.97054437,relative,<b>City: Atlanta<br><br><br><b><i><u>Recovery metrics:</u></i></b><br> Average over period 1: 0.51<br> Average over period 2: 0.426<br> Average over period 3: 0.499<br> Average over period 4: 0.7<br>Rate of recovery: 1.373<br>Omicron resilience: 0.971<br><br><br>
153,Omaha,1,"Omaha, NE", NE,0.651923077,0.714807692,0.777307692,0.852962963,1.308379766,1.009668936,relative,<b>City: Omaha<br><br><br><b><i><u>Recovery metrics:</u></i></b><br> Average over period 1: 0.652<br> Average over period 2: 0.715<br> Average over period 3: 0.777<br> Average over period 4: 0.853<br>Rate of recovery: 1.308<br>Omicron resilience: 1.01<br><br><br>
154,Colorado Springs,1,"Colorado Springs, CO", CO,0.655384615,0.648269231,0.696923077,0.751481481,1.146626674,0.822660916,relative,<b>City: Colorado Springs<br><br><br><b><i><u>Recovery metrics:</u></i></b><br> Average over period 1: 0.655<br> Average over period 2: 0.648<br> Average over period 3: 0.697<br> Average over period 4: 0.751<br>Rate of recovery: 1.147<br>Omicron resilience: 0.823<br><br><br>
155,Raleigh,1,"Raleigh, NC", NC,0.539230769,0.678653846,0.603846154,0.694444444,1.287842764,0.923611111,relative,<b>City: Raleigh<br><br><br><b><i><u>Recovery metrics:</u></i></b><br> Average over period 1: 0.539<br> Average over period 2: 0.679<br> Average over period 3: 0.604<br> Average over period 4: 0.694<br>Rate of recovery: 1.288<br>Omicron resilience: 0.924<br><br><br>
156,Miami,1,"Miami, FL", FL,0.823846154,1.031153846,0.934230769,0.86037037,1.044333783,0.887640449,relative,<b>City: Miami<br><br><br><b><i><u>Recovery metrics:</u></i></b><br> Average over period 1: 0.824<br> Average over period 2: 1.031<br> Average over period 3: 0.934<br> Average over period 4: 0.86<br>Rate of recovery: 1.044<br>Omicron resilience: 0.888<br><br><br>
157,Memphis,1,"Memphis, TN", TN,0.662884615,0.703653846,0.711538462,0.865185185,1.305182177,0.981321839,relative,<b>City: Memphis<br><br><br><b><i><u>Recovery metrics:</u></i></b><br> Average over period 1: 0.663<br> Average over period 2: 0.704<br> Average over period 3: 0.712<br> Average over period 4: 0.865<br>Rate of recovery: 1.305<br>Omicron resilience: 0.981<br><br><br>
158,Louisville,1,"Louisville, KY", KY,0.625,0.494038462,0.530769231,0.539259259,0.862814815,1.208419689,relative,<b>City: Louisville<br><br><br><b><i><u>Recovery metrics:</u></i></b><br> Average over period 1: 0.625<br> Average over period 2: 0.494<br> Average over period 3: 0.531<br> Average over period 4: 0.539<br>Rate of recovery: 0.863<br>Omicron resilience: 1.208<br><br><br>
159,Baltimore,1,"Baltimore, MD", MD,0.648461538,0.743269231,0.716153846,0.941851852,1.452440578,1.010440022,relative,<b>City: Baltimore<br><br><br><b><i><u>Recovery metrics:</u></i></b><br> Average over period 1: 0.648<br> Average over period 2: 0.743<br> Average over period 3: 0.716<br> Average over period 4: 0.942<br>Rate of recovery: 1.452<br>Omicron resilience: 1.01<br><br><br>
160,Vancouver,0,"Vancouver, BC", BC,0.666153846,0.671346154,0.665,0.702222222,1.054144213,0.94579646,relative,<b>City: Vancouver<br><br><br><b><i><u>Recovery metrics:</u></i></b><br> Average over period 1: 0.666<br> Average over period 2: 0.671<br> Average over period 3: 0.665<br> Average over period 4: 0.702<br>Rate of recovery: 1.054<br>Omicron resilience: 0.946<br><br><br>
161,Montreal,0,"Montreal, QC", QC,0.485,0.481153846,0.500769231,0.600740741,1.238640703,0.803424092,relative,<b>City: Montreal<br><br><br><b><i><u>Recovery metrics:</u></i></b><br> Average over period 1: 0.485<br> Average over period 2: 0.481<br> Average over period 3: 0.501<br> Average over period 4: 0.601<br>Rate of recovery: 1.239<br>Omicron resilience: 0.803<br><br><br>
162,Calgary,0,"Calgary, AB", AB,0.5125,0.491730769,0.47,0.442592593,0.863595303,1.060986683,relative,<b>City: Calgary<br><br><br><b><i><u>Recovery metrics:</u></i></b><br> Average over period 1: 0.512<br> Average over period 2: 0.492<br> Average over period 3: 0.47<br> Average over period 4: 0.443<br>Rate of recovery: 0.864<br>Omicron resilience: 1.061<br><br><br>
163,Edmonton,0,"Edmonton, AB", AB,0.650192308,0.582884615,0.529230769,0.535925926,0.824257561,1.051345962,relative,<b>City: Edmonton<br><br><br><b><i><u>Recovery metrics:</u></i></b><br> Average over period 1: 0.65<br> Average over period 2: 0.583<br> Average over period 3: 0.529<br> Average over period 4: 0.536<br>Rate of recovery: 0.824<br>Omicron resilience: 1.051<br><br><br>
164,Mississauga,0,"Missisauga, ON", ON,0.775384615,0.779230769,0.714230769,0.746666667,0.962962963,0.906699794,relative,<b>City: Mississauga<br><br><br><b><i><u>Recovery metrics:</u></i></b><br> Average over period 1: 0.775<br> Average over period 2: 0.779<br> Average over period 3: 0.714<br> Average over period 4: 0.747<br>Rate of recovery: 0.963<br>Omicron resilience: 0.907<br><br><br>
165,Halifax,0,"Halifax, NS", NS,0.524230769,0.534038462,0.457692308,0.532222222,1.015244151,1.034465534,relative,<b>City: Halifax<br><br><br><b><i><u>Recovery metrics:</u></i></b><br> Average over period 1: 0.524<br> Average over period 2: 0.534<br> Average over period 3: 0.458<br> Average over period 4: 0.532<br>Rate of recovery: 1.015<br>Omicron resilience: 1.034<br><br><br>
166,London,0,"London, ON", ON,0.486153846,0.566730769,0.488461538,0.599259259,1.23265354,0.912211292,relative,<b>City: London<br><br><br><b><i><u>Recovery metrics:</u></i></b><br> Average over period 1: 0.486<br> Average over period 2: 0.567<br> Average over period 3: 0.488<br> Average over period 4: 0.599<br>Rate of recovery: 1.233<br>Omicron resilience: 0.912<br><br><br>
167,Ottawa,0,"Ottawa, ON", ON,0.549230769,0.47,0.46,0.504444444,0.918456271,1.044397463,relative,<b>City: Ottawa<br><br><br><b><i><u>Recovery metrics:</u></i></b><br> Average over period 1: 0.549<br> Average over period 2: 0.47<br> Average over period 3: 0.46<br> Average over period 4: 0.504<br>Rate of recovery: 0.918<br>Omicron resilience: 1.044<br><br><br>
168,Winnipeg,0,"Winnipeg, MB", MB,0.613653846,0.524038462,0.496923077,0.500740741,0.8159987,0.966311134,relative,<b>City: Winnipeg<br><br><br><b><i><u>Recovery metrics:</u></i></b><br> Average over period 1: 0.614<br> Average over period 2: 0.524<br> Average over period 3: 0.497<br> Average over period 4: 0.501<br>Rate of recovery: 0.816<br>Omicron resilience: 0.966<br><br><br>
169,Quebec,0,"Quebec, QC", QC,0.5525,0.515576923,0.498076923,0.587777778,1.063851181,0.972357904,relative,<b>City: Quebec<br><br><br><b><i><u>Recovery metrics:</u></i></b><br> Average over period 1: 0.552<br> Average over period 2: 0.516<br> Average over period 3: 0.498<br> Average over period 4: 0.588<br>Rate of recovery: 1.064<br>Omicron resilience: 0.972<br><br><br>
170,Toronto,0,"Toronto, ON", ON,0.4975,0.484038462,0.450384615,0.521111111,1.04745952,0.881944444,relative,<b>City: Toronto<br><br><br><b><i><u>Recovery metrics:</u></i></b><br> Average over period 1: 0.498<br> Average over period 2: 0.484<br> Average over period 3: 0.45<br> Average over period 4: 0.521<br>Rate of recovery: 1.047<br>Omicron resilience: 0.882<br><br><br>
171,Cleveland,1,"Cleveland, OH", OH,0.662692308,0.502884615,0.401153846,0.582222222,0.878570968,1.143850141,relative,<b>City: Cleveland<br><br><br><b><i><u>Recovery metrics:</u></i></b><br> Average over period 1: 0.663<br> Average over period 2: 0.503<br> Average over period 3: 0.401<br> Average over period 4: 0.582<br>Rate of recovery: 0.879<br>Omicron resilience: 1.144<br><br><br>
172,Honolulu,1,"Honolulu, HI", HI,1.108076923,0.978076923,0.804615385,0.844814815,0.762415314,1.068976478,relative,<b>City: Honolulu<br><br><br><b><i><u>Recovery metrics:</u></i></b><br> Average over period 1: 1.108<br> Average over period 2: 0.978<br> Average over period 3: 0.805<br> Average over period 4: 0.845<br>Rate of recovery: 0.762<br>Omicron resilience: 1.069<br><br><br>
173,Cincinnati,1,"Cincinnati, OH", OH,0.487692308,0.569423077,0.654230769,0.699259259,1.433812361,0.839336918,relative,<b>City: Cincinnati<br><br><br><b><i><u>Recovery metrics:</u></i></b><br> Average over period 1: 0.488<br> Average over period 2: 0.569<br> Average over period 3: 0.654<br> Average over period 4: 0.699<br>Rate of recovery: 1.434<br>Omicron resilience: 0.839<br><br><br>
174,Pittsburgh,1,"Pittsburgh, PA", PA,0.568269231,0.623461538,0.587692308,0.712222222,1.253318293,0.98812592,relative,<b>City: Pittsburgh<br><br><br><b><i><u>Recovery metrics:</u></i></b><br> Average over period 1: 0.568<br> Average over period 2: 0.623<br> Average over period 3: 0.588<br> Average over period 4: 0.712<br>Rate of recovery: 1.253<br>Omicron resilience: 0.988<br><br><br>
175,Fort Worth,1,"Fort Worth, TX", TX,0.577115385,0.672884615,0.706153846,0.737407407,1.277746924,1.024442847,relative,<b>City: Fort Worth<br><br><br><b><i><u>Recovery metrics:</u></i></b><br> Average over period 1: 0.577<br> Average over period 2: 0.673<br> Average over period 3: 0.706<br> Average over period 4: 0.737<br>Rate of recovery: 1.278<br>Omicron resilience: 1.024<br><br><br>
176,Columbus,1,"Columbus, OH", OH,0.453846154,0.791346154,0.531923077,0.994814815,2.191964846,1.159210526,relative,<b>City: Columbus<br><br><br><b><i><u>Recovery metrics:</u></i></b><br> Average over period 1: 0.454<br> Average over period 2: 0.791<br> Average over period 3: 0.532<br> Average over period 4: 0.995<br>Rate of recovery: 2.192<br>Omicron resilience: 1.159<br><br><br>
177,Indianapolis,1,"Indianapolis, IN", IN,0.5025,0.499038462,0.526923077,0.537777778,1.070204533,0.909285714,relative,<b>City: Indianapolis<br><br><br><b><i><u>Recovery metrics:</u></i></b><br> Average over period 1: 0.502<br> Average over period 2: 0.499<br> Average over period 3: 0.527<br> Average over period 4: 0.538<br>Rate of recovery: 1.07<br>Omicron resilience: 0.909<br><br><br>
178,Charlotte,1,"Charlotte, NC", NC,0.613653846,0.580961538,0.504615385,0.594074074,0.968093132,0.903399312,relative,<b>City: Charlotte<br><br><br><b><i><u>Recovery metrics:</u></i></b><br> Average over period 1: 0.614<br> Average over period 2: 0.581<br> Average over period 3: 0.505<br> Average over period 4: 0.594<br>Rate of recovery: 0.968<br>Omicron resilience: 0.903<br><br><br>
179,San Francisco,1,"San Francisco, CA", CA,0.411153846,0.400384615,0.422692308,0.425555556,1.035027544,0.812938084,relative,<b>City: San Francisco<br><br><br><b><i><u>Recovery metrics:</u></i></b><br> Average over period 1: 0.411<br> Average over period 2: 0.4<br> Average over period 3: 0.423<br> Average over period 4: 0.426<br>Rate of recovery: 1.035<br>Omicron resilience: 0.813<br><br><br>
180,Seattle,1,"Seattle, WA", WA,0.678269231,0.585576923,0.651923077,0.648888889,0.956683363,0.945830008,relative,<b>City: Seattle<br><br><br><b><i><u>Recovery metrics:</u></i></b><br> Average over period 1: 0.678<br> Average over period 2: 0.586<br> Average over period 3: 0.652<br> Average over period 4: 0.649<br>Rate of recovery: 0.957<br>Omicron resilience: 0.946<br><br><br>
181,Denver,1,"Denver, CO", CO,0.512884615,0.604038462,0.588846154,0.60962963,1.188629199,0.946367884,relative,<b>City: Denver<br><br><br><b><i><u>Recovery metrics:</u></i></b><br> Average over period 1: 0.513<br> Average over period 2: 0.604<br> Average over period 3: 0.589<br> Average over period 4: 0.61<br>Rate of recovery: 1.189<br>Omicron resilience: 0.946<br><br><br>
182,Washington DC,1,Washington DC,DC,0.636153846,0.726923077,0.677307692,0.848888889,1.334408169,1.05721942,relative,<b>City: Washington DC<br><br><br><b><i><u>Recovery metrics:</u></i></b><br> Average over period 1: 0.636<br> Average over period 2: 0.727<br> Average over period 3: 0.677<br> Average over period 4: 0.849<br>Rate of recovery: 1.334<br>Omicron resilience: 1.057<br><br><br>
183,Oakland,1,"Oakland, CA", CA,0.778461538,0.700384615,0.645,0.667407407,0.857341531,0.814083458,relative,<b>City: Oakland<br><br><br><b><i><u>Recovery metrics:</u></i></b><br> Average over period 1: 0.778<br> Average over period 2: 0.7<br> Average over period 3: 0.645<br> Average over period 4: 0.667<br>Rate of recovery: 0.857<br>Omicron resilience: 0.814<br><br><br>
184,Minneapolis,1,"Minneapolis, MN", MN,0.482884615,0.419807692,0.399230769,0.52,1.076861808,0.865524781,relative,<b>City: Minneapolis<br><br><br><b><i><u>Recovery metrics:</u></i></b><br> Average over period 1: 0.483<br> Average over period 2: 0.42<br> Average over period 3: 0.399<br> Average over period 4: 0.52<br>Rate of recovery: 1.077<br>Omicron resilience: 0.866<br><br><br>
185,Tulsa,1,"Tulsa, OK", OK,0.565384615,0.541153846,0.583076923,0.618888889,1.094633409,0.934945788,relative,<b>City: Tulsa<br><br><br><b><i><u>Recovery metrics:</u></i></b><br> Average over period 1: 0.565<br> Average over period 2: 0.541<br> Average over period 3: 0.583<br> Average over period 4: 0.619<br>Rate of recovery: 1.095<br>Omicron resilience: 0.935<br><br><br>
186,Bakersfield,1,"Bakersfield, CA", CA,0.83,0.896346154,0.859230769,0.878888889,1.058902276,0.901671512,relative,<b>City: Bakersfield<br><br><br><b><i><u>Recovery metrics:</u></i></b><br> Average over period 1: 0.83<br> Average over period 2: 0.896<br> Average over period 3: 0.859<br> Average over period 4: 0.879<br>Rate of recovery: 1.059<br>Omicron resilience: 0.902<br><br><br>
187,Wichita,1,"Wichita, KS", KS,0.690769231,0.716538462,0.780769231,0.792222222,1.146869587,0.943174396,relative,<b>City: Wichita<br><br><br><b><i><u>Recovery metrics:</u></i></b><br> Average over period 1: 0.691<br> Average over period 2: 0.717<br> Average over period 3: 0.781<br> Average over period 4: 0.792<br>Rate of recovery: 1.147<br>Omicron resilience: 0.943<br><br><br>
188,Tampa,1,"Tampa, FL", FL,0.709807692,0.798269231,0.801153846,0.844814815,1.190202394,0.987740534,relative,<b>City: Tampa<br><br><br><b><i><u>Recovery metrics:</u></i></b><br> Average over period 1: 0.71<br> Average over period 2: 0.798<br> Average over period 3: 0.801<br> Average over period 4: 0.845<br>Rate of recovery: 1.19<br>Omicron resilience: 0.988<br><br><br>
189,New Orleans,1,"New Orleans, LA", LA,0.433269231,0.559038462,0.694230769,0.652222222,1.50535089,0.928613744,relative,<b>City: New Orleans<br><br><br><b><i><u>Recovery metrics:</u></i></b><br> Average over period 1: 0.433<br> Average over period 2: 0.559<br> Average over period 3: 0.694<br> Average over period 4: 0.652<br>Rate of recovery: 1.505<br>Omicron resilience: 0.929<br><br><br>
190,Sacramento,1,"Sacramento, CA", CA,0.547307692,0.537884615,0.520384615,0.642962963,1.174774212,0.979759967,relative,<b>City: Sacramento<br><br><br><b><i><u>Recovery metrics:</u></i></b><br> Average over period 1: 0.547<br> Average over period 2: 0.538<br> Average over period 3: 0.52<br> Average over period 4: 0.643<br>Rate of recovery: 1.175<br>Omicron resilience: 0.98<br><br><br>
191,Milwaukee,1,"Milwaukee, WI", WI,0.668653846,0.795961538,0.746153846,0.868148148,1.298352134,1.042434009,relative,<b>City: Milwaukee<br><br><br><b><i><u>Recovery metrics:</u></i></b><br> Average over period 1: 0.669<br> Average over period 2: 0.796<br> Average over period 3: 0.746<br> Average over period 4: 0.868<br>Rate of recovery: 1.298<br>Omicron resilience: 1.042<br><br><br>
192,Albuquerque,1,"Albuquerque, NM", NM,0.742115385,0.7375,0.690769231,0.94037037,1.267148465,1.724337186,relative,<b>City: Albuquerque<br><br><br><b><i><u>Recovery metrics:</u></i></b><br> Average over period 1: 0.742<br> Average over period 2: 0.738<br> Average over period 3: 0.691<br> Average over period 4: 0.94<br>Rate of recovery: 1.267<br>Omicron resilience: 1.724<br><br><br>
193,Tucson,1,"Tucson, AZ", AZ,0.631153846,0.63,0.659615385,0.72962963,1.156025007,0.93387553,relative,<b>City: Tucson<br><br><br><b><i><u>Recovery metrics:</u></i></b><br> Average over period 1: 0.631<br> Average over period 2: 0.63<br> Average over period 3: 0.66<br> Average over period 4: 0.73<br>Rate of recovery: 1.156<br>Omicron resilience: 0.934<br><br><br>
194,Fresno,1,"Fresno, CA", CA,0.761538462,0.724038462,0.676538462,0.806296296,1.058772914,1.074216144,relative,<b>City: Fresno<br><br><br><b><i><u>Recovery metrics:</u></i></b><br> Average over period 1: 0.762<br> Average over period 2: 0.724<br> Average over period 3: 0.677<br> Average over period 4: 0.806<br>Rate of recovery: 1.059<br>Omicron resilience: 1.074<br><br><br>
195,Nashville,1,"Nashville, TN", TN,0.410384615,0.577115385,0.778846154,0.826296296,2.013468013,0.816942771,relative,<b>City: Nashville<br><br><br><b><i><u>Recovery metrics:</u></i></b><br> Average over period 1: 0.41<br> Average over period 2: 0.577<br> Average over period 3: 0.779<br> Average over period 4: 0.826<br>Rate of recovery: 2.013<br>Omicron resilience: 0.817<br><br><br>
196,Oklahoma City,1,"Oklahoma City, OK", OK,0.633846154,1.177884615,1.036153846,1.321481481,2.084861561,1.215677966,relative,<b>City: Oklahoma City<br><br><br><b><i><u>Recovery metrics:</u></i></b><br> Average over period 1: 0.634<br> Average over period 2: 1.178<br> Average over period 3: 1.036<br> Average over period 4: 1.321<br>Rate of recovery: 2.085<br>Omicron resilience: 1.216<br><br><br>
197,El Paso,1,"El Paso, TX", TX,0.730576923,0.778076923,0.807692308,0.922962963,1.263334406,0.771464646,relative,<b>City: El Paso<br><br><br><b><i><u>Recovery metrics:</u></i></b><br> Average over period 1: 0.731<br> Average over period 2: 0.778<br> Average over period 3: 0.808<br> Average over period 4: 0.923<br>Rate of recovery: 1.263<br>Omicron resilience: 0.771<br><br><br>
198,Boston,1,"Boston, MA", MA,0.417115385,0.520384615,0.648076923,0.578518519,1.386950805,0.739819479,relative,<b>City: Boston<br><br><br><b><i><u>Recovery metrics:</u></i></b><br> Average over period 1: 0.417<br> Average over period 2: 0.52<br> Average over period 3: 0.648<br> Average over period 4: 0.579<br>Rate of recovery: 1.387<br>Omicron resilience: 0.74<br><br><br>
