postal_code,city,is_downtown
10171,New York,false
10110,New York,true
10282,New York,false
10040,New York,false
11207,New York,false
10456,New York,false
11417,New York,false
11104,New York,false
10024,New York,false
11212,New York,false
11694,New York,false
11415,New York,false
11209,New York,false
11360,New York,false
11451,New York,false
10026,New York,false
11373,New York,false
10162,New York,false
11096,New York,false
11355,New York,false
10168,New York,true
11235,New York,false
10459,New York,false
11425,New York,false
10170,New York,true
10032,New York,false
10152,New York,false
11005,New York,false
11429,New York,false
11223,New York,false
10020,New York,true
11103,New York,false
11412,New York,false
07620,New York,false
10018,New York,true
10153,New York,false
10030,New York,false
10044,New York,false
10165,New York,true
10128,New York,false
10271,New York,true
10111,New York,true
11416,New York,false
11219,New York,false
10029,New York,false
10280,New York,false
10112,New York,true
11220,New York,false
11509,New York,false
07020,New York,false
10013,New York,false
10075,New York,false
10199,New York,false
10037,New York,false
10115,New York,false
10279,New York,false
10471,New York,false
11204,New York,false
11239,New York,false
11233,New York,false
11421,New York,false
11693,New York,false
11020,New York,false
10009,New York,false
10177,New York,true
10454,New York,false
10173,New York,false
10023,New York,false
10006,New York,true
10010,New York,false
10310,New York,false
11221,New York,false
10455,New York,false
11358,New York,false
10473,New York,false
10028,New York,false
11217,New York,false
11230,New York,false
11363,New York,false
11369,New York,false
11413,New York,false
11418,New York,false
11427,New York,false
11003,New York,false
10039,New York,false
11225,New York,false
11364,New York,false
10278,New York,false
10154,New York,false
10311,New York,false
10307,New York,false
11102,New York,false
10452,New York,false
11218,New York,false
10025,New York,false
11351,New York,false
11109,New York,false
10308,New York,false
11424,New York,false
11206,New York,false
11216,New York,false
10012,New York,false
10034,New York,false
10035,New York,false
10457,New York,false
11354,New York,false
07670,New York,false
10306,New York,false
11368,New York,false
10017,New York,true
10550,New York,false
11433,New York,false
10119,New York,false
10036,New York,true
10033,New York,false
10463,New York,false
10003,New York,false
11238,New York,false
10469,New York,false
11224,New York,false
10453,New York,false
10803,New York,false
11356,New York,false
11430,New York,false
10069,New York,false
11040,New York,false
10021,New York,false
11208,New York,false
10001,New York,false
07002,New York,false
11370,New York,false
11436,New York,false
10472,New York,false
10172,New York,true
11366,New York,false
10019,New York,false
11375,New York,false
10016,New York,false
07632,New York,false
10031,New York,false
11203,New York,false
10451,New York,false
11106,New York,false
11042,New York,false
11210,New York,false
11411,New York,false
10458,New York,false
10466,New York,false
10314,New York,false
10460,New York,false
10464,New York,false
10467,New York,false
10002,New York,false
10304,New York,false
10305,New York,false
10309,New York,false
10312,New York,false
07202,New York,false
11357,New York,false
11371,New York,false
11372,New York,false
11374,New York,false
11377,New York,false
11419,New York,false
11422,New York,false
11423,New York,false
11205,New York,false
11214,New York,false
11226,New York,false
11228,New York,false
11229,New York,false
11232,New York,false
11237,New York,false
11359,New York,false
11361,New York,false
11362,New York,false
11365,New York,false
11581,New York,false
11428,New York,false
11105,New York,false
11691,New York,false
11434,New York,false
11435,New York,false
07036,New York,false
11001,New York,false
11004,New York,false
10169,New York,true
11559,New York,false
11580,New York,false
11697,New York,false
10167,New York,true
10474,New York,false
07024,New York,false
10103,New York,false
10174,New York,true
10301,New York,false
10302,New York,false
10007,New York,false
10011,New York,false
10038,New York,false
10065,New York,false
11414,New York,false
10475,New York,false
10462,New York,false
10705,New York,false
11213,New York,false
10014,New York,false
10470,New York,false
11021,New York,false
11379,New York,false
11101,New York,false
11426,New York,false
10461,New York,false
10468,New York,false
11211,New York,false
10303,New York,false
11222,New York,false
11378,New York,false
11385,New York,false
10005,New York,true
11692,New York,false
11420,New York,false
11201,New York,false
11234,New York,false
11432,New York,false
10004,New York,true
10022,New York,false
10465,New York,false
10704,New York,false
11231,New York,false
11367,New York,false
10027,New York,false
11236,New York,false
11215,New York,false
90018,Los Angeles,false
90301,Los Angeles,false
90071,Los Angeles,true
90062,Los Angeles,false
90211,Los Angeles,false
90089,Los Angeles,false
90095,Los Angeles,false
91330,Los Angeles,false
90043,Los Angeles,false
91371,Los Angeles,false
91205,Los Angeles,false
91506,Los Angeles,false
90017,Los Angeles,true
90028,Los Angeles,false
90014,Los Angeles,true
90029,Los Angeles,false
90291,Los Angeles,false
90063,Los Angeles,false
90024,Los Angeles,false
90057,Los Angeles,false
91402,Los Angeles,false
90056,Los Angeles,false
91754,Los Angeles,false
90304,Los Angeles,false
90048,Los Angeles,false
90090,Los Angeles,false
90405,Los Angeles,false
90302,Los Angeles,false
91324,Los Angeles,false
90033,Los Angeles,false
90046,Los Angeles,false
90262,Los Angeles,false
90026,Los Angeles,false
91607,Los Angeles,false
90745,Los Angeles,false
91501,Los Angeles,false
91602,Los Angeles,false
90079,Los Angeles,false
90094,Los Angeles,false
90047,Los Angeles,false
90059,Los Angeles,false
90067,Los Angeles,false
91316,Los Angeles,false
90212,Los Angeles,false
90001,Los Angeles,false
90810,Los Angeles,false
91306,Los Angeles,false
91340,Los Angeles,false
91505,Los Angeles,false
90061,Los Angeles,false
90068,Los Angeles,false
90032,Los Angeles,false
90064,Los Angeles,false
90006,Los Angeles,false
90005,Los Angeles,false
90280,Los Angeles,false
91206,Los Angeles,false
90066,Los Angeles,false
90247,Los Angeles,false
90813,Los Angeles,false
90210,Los Angeles,false
90016,Los Angeles,false
90404,Los Angeles,false
90012,Los Angeles,false
93063,Los Angeles,false
90044,Los Angeles,false
91302,Los Angeles,false
90039,Los Angeles,false
90069,Los Angeles,false
90245,Los Angeles,false
90305,Los Angeles,false
90021,Los Angeles,false
90077,Los Angeles,false
90250,Los Angeles,false
91403,Los Angeles,false
90011,Los Angeles,false
91304,Los Angeles,false
90073,Los Angeles,false
90710,Los Angeles,false
91303,Los Angeles,false
90004,Los Angeles,false
90744,Los Angeles,false
91321,Los Angeles,false
90292,Los Angeles,false
90035,Los Angeles,false
91801,Los Angeles,false
91335,Los Angeles,false
91405,Los Angeles,false
90013,Los Angeles,true
90034,Los Angeles,false
90025,Los Angeles,false
90027,Los Angeles,false
90008,Los Angeles,false
90036,Los Angeles,false
90037,Los Angeles,false
90058,Los Angeles,false
90275,Los Angeles,false
90042,Los Angeles,false
91343,Los Angeles,false
90232,Los Angeles,false
91214,Los Angeles,false
91803,Los Angeles,false
90031,Los Angeles,false
90020,Los Angeles,false
90003,Los Angeles,false
90002,Los Angeles,false
90265,Los Angeles,false
90290,Los Angeles,false
90402,Los Angeles,false
90403,Los Angeles,false
90502,Los Angeles,false
90303,Los Angeles,false
90293,Los Angeles,false
90504,Los Angeles,false
90802,Los Angeles,false
90731,Los Angeles,false
91105,Los Angeles,false
91325,Los Angeles,false
91011,Los Angeles,false
91307,Los Angeles,false
90717,Los Angeles,false
91342,Los Angeles,false
91311,Los Angeles,false
91042,Los Angeles,false
91608,Los Angeles,false
91040,Los Angeles,false
90049,Los Angeles,false
91406,Los Angeles,false
91504,Los Angeles,false
91423,Los Angeles,false
91436,Los Angeles,false
91364,Los Angeles,false
91367,Los Angeles,false
91604,Los Angeles,false
90248,Los Angeles,false
90038,Los Angeles,false
90041,Los Angeles,false
91352,Los Angeles,false
91345,Los Angeles,false
90230,Los Angeles,false
90501,Los Angeles,false
91344,Los Angeles,false
90272,Los Angeles,false
91605,Los Angeles,false
91606,Los Angeles,false
91401,Los Angeles,false
90045,Los Angeles,false
91201,Los Angeles,false
91356,Los Angeles,false
90065,Los Angeles,false
90732,Los Angeles,false
91331,Los Angeles,false
91601,Los Angeles,false
91326,Los Angeles,false
91204,Los Angeles,false
90015,Los Angeles,false
90019,Los Angeles,false
91030,Los Angeles,false
90007,Los Angeles,false
90023,Los Angeles,false
91411,Los Angeles,false
90010,Los Angeles,false
60302,Chicago,false
60171,Chicago,false
60643,Chicago,false
46327,Chicago,false
60633,Chicago,false
60305,Chicago,false
60640,Chicago,false
60636,Chicago,false
60645,Chicago,false
60604,Chicago,true
60304,Chicago,false
60402,Chicago,false
60459,Chicago,false
60630,Chicago,false
60646,Chicago,false
60661,Chicago,false
60602,Chicago,true
60603,Chicago,true
60652,Chicago,false
60625,Chicago,false
60655,Chicago,false
60611,Chicago,false
60456,Chicago,false
60654,Chicago,false
60615,Chicago,false
60804,Chicago,false
60621,Chicago,false
60706,Chicago,false
60637,Chicago,false
60632,Chicago,false
60601,Chicago,true
60613,Chicago,false
60629,Chicago,false
60419,Chicago,false
60644,Chicago,false
60805,Chicago,false
60653,Chicago,false
60614,Chicago,false
60131,Chicago,false
60628,Chicago,false
60651,Chicago,false
60607,Chicago,false
60018,Chicago,false
60803,Chicago,false
60657,Chicago,false
60623,Chicago,false
60077,Chicago,false
60501,Chicago,false
60176,Chicago,false
46320,Chicago,false
60409,Chicago,false
60406,Chicago,false
60202,Chicago,false
60007,Chicago,false
60453,Chicago,false
60076,Chicago,false
60106,Chicago,false
60609,Chicago,false
60612,Chicago,false
60620,Chicago,false
60605,Chicago,false
60606,Chicago,true
60622,Chicago,false
60619,Chicago,false
60634,Chicago,false
60616,Chicago,false
60618,Chicago,false
60638,Chicago,false
60659,Chicago,false
60656,Chicago,false
60631,Chicago,false
60647,Chicago,false
60649,Chicago,false
60642,Chicago,false
60641,Chicago,false
60707,Chicago,false
60714,Chicago,false
60068,Chicago,false
60827,Chicago,false
60626,Chicago,false
60660,Chicago,false
60712,Chicago,false
60639,Chicago,false
60617,Chicago,false
60610,Chicago,false
60608,Chicago,false
60624,Chicago,false
77583,Houston,false
77086,Houston,false
77006,Houston,false
77072,Houston,false
77401,Houston,false
77098,Houston,false
77502,Houston,false
77057,Houston,false
77201,Houston,false
77085,Houston,false
77004,Houston,false
77028,Houston,false
77484,Houston,false
77547,Houston,false
77587,Houston,false
77033,Houston,false
77046,Houston,false
77022,Houston,false
77093,Houston,false
77099,Houston,false
77062,Houston,false
77071,Houston,false
77008,Houston,false
77010,Houston,true
77076,Houston,false
77380,Houston,false
77068,Houston,false
77429,Houston,false
77039,Houston,false
77079,Houston,false
77058,Houston,false
77024,Houston,false
77357,Houston,false
77054,Houston,false
77478,Houston,false
77051,Houston,false
77012,Houston,false
77040,Houston,false
77584,Houston,false
77077,Houston,false
77450,Houston,false
77018,Houston,false
77504,Houston,false
77373,Houston,false
77045,Houston,false
77066,Houston,false
77336,Houston,false
77536,Houston,false
77581,Houston,false
77449,Houston,false
77053,Houston,false
77020,Houston,false
77060,Houston,false
77477,Houston,false
77407,Houston,false
77043,Houston,false
77520,Houston,false
77503,Houston,false
77042,Houston,false
77083,Houston,false
77011,Houston,false
77073,Houston,false
77021,Houston,false
77091,Houston,false
77036,Houston,false
77396,Houston,false
77375,Houston,false
77044,Houston,false
77386,Houston,false
77388,Houston,false
77406,Houston,false
77377,Houston,false
77379,Houston,false
77571,Houston,false
77459,Houston,false
77532,Houston,false
77489,Houston,false
77493,Houston,false
77494,Houston,false
77447,Houston,false
77498,Houston,false
77505,Houston,false
77530,Houston,false
77598,Houston,false
77433,Houston,false
77506,Houston,false
77545,Houston,false
77546,Houston,false
77074,Houston,false
77075,Houston,false
77346,Houston,false
77338,Houston,false
77339,Houston,false
77078,Houston,false
77080,Houston,false
77081,Houston,false
77082,Houston,false
77048,Houston,false
77049,Houston,false
77067,Houston,false
77069,Houston,false
77035,Houston,false
77037,Houston,false
77041,Houston,false
77047,Houston,false
77096,Houston,false
77014,Houston,false
77016,Houston,false
77017,Houston,false
77019,Houston,false
77055,Houston,false
77030,Houston,false
77031,Houston,false
77064,Houston,false
77056,Houston,false
77059,Houston,false
77061,Houston,false
77034,Houston,false
77065,Houston,false
77087,Houston,false
77088,Houston,false
77095,Houston,false
77005,Houston,false
77009,Houston,false
77013,Houston,false
77092,Houston,false
77025,Houston,false
77027,Houston,false
77029,Houston,false
77094,Houston,false
77090,Houston,false
77084,Houston,false
77345,Houston,false
77003,Houston,false
77389,Houston,false
77038,Houston,false
77063,Houston,false
77032,Houston,false
77002,Houston,true
77365,Houston,false
77070,Houston,false
77089,Houston,false
77007,Houston,false
77015,Houston,false
77050,Houston,false
77026,Houston,false
77023,Houston,false
85019,Phoenix,false
85053,Phoenix,false
85383,Phoenix,false
85045,Phoenix,false
85306,Phoenix,false
85004,Phoenix,true
85054,Phoenix,false
85331,Phoenix,false
85037,Phoenix,false
85015,Phoenix,false
85020,Phoenix,false
85033,Phoenix,false
85017,Phoenix,false
85353,Phoenix,false
85023,Phoenix,false
85003,Phoenix,true
85253,Phoenix,false
85048,Phoenix,false
85305,Phoenix,false
85027,Phoenix,false
85034,Phoenix,false
85012,Phoenix,false
85028,Phoenix,false
85392,Phoenix,false
85083,Phoenix,false
85226,Phoenix,false
85043,Phoenix,false
85255,Phoenix,false
85013,Phoenix,false
85040,Phoenix,false
85008,Phoenix,false
85029,Phoenix,false
85016,Phoenix,false
85032,Phoenix,false
85018,Phoenix,false
85024,Phoenix,false
85009,Phoenix,false
85086,Phoenix,false
85007,Phoenix,false
85035,Phoenix,false
85031,Phoenix,false
85041,Phoenix,false
85006,Phoenix,false
85014,Phoenix,false
85283,Phoenix,false
85282,Phoenix,false
85257,Phoenix,false
85254,Phoenix,false
85304,Phoenix,false
85307,Phoenix,false
85301,Phoenix,false
85281,Phoenix,false
85266,Phoenix,false
85251,Phoenix,false
85087,Phoenix,false
85339,Phoenix,false
85340,Phoenix,false
85085,Phoenix,false
85042,Phoenix,false
85044,Phoenix,false
85302,Phoenix,false
85050,Phoenix,false
85308,Phoenix,false
85022,Phoenix,false
85021,Phoenix,false
85310,Phoenix,false
85051,Phoenix,false
19137,Philadelphia,false
19102,Philadelphia,true
19103,Philadelphia,true
19107,Philadelphia,true
19004,Philadelphia,false
19096,Philadelphia,false
19116,Philadelphia,false
19135,Philadelphia,false
19146,Philadelphia,false
19095,Philadelphia,false
19120,Philadelphia,false
19126,Philadelphia,false
19147,Philadelphia,false
08077,Philadelphia,false
19151,Philadelphia,false
19029,Philadelphia,false
08065,Philadelphia,false
19122,Philadelphia,false
19053,Philadelphia,false
08030,Philadelphia,false
19153,Philadelphia,false
19046,Philadelphia,false
19444,Philadelphia,false
19132,Philadelphia,false
19031,Philadelphia,false
08075,Philadelphia,false
08086,Philadelphia,false
19114,Philadelphia,false
19118,Philadelphia,false
08103,Philadelphia,false
08110,Philadelphia,false
19123,Philadelphia,false
19038,Philadelphia,false
19140,Philadelphia,false
19109,Philadelphia,true
19035,Philadelphia,false
19104,Philadelphia,false
19112,Philadelphia,false
19113,Philadelphia,false
19115,Philadelphia,false
19050,Philadelphia,false
19066,Philadelphia,false
19072,Philadelphia,false
19079,Philadelphia,false
19082,Philadelphia,false
19119,Philadelphia,false
19124,Philadelphia,false
19027,Philadelphia,false
19023,Philadelphia,false
19006,Philadelphia,false
19125,Philadelphia,false
19129,Philadelphia,false
19131,Philadelphia,false
19134,Philadelphia,false
19136,Philadelphia,false
19138,Philadelphia,false
19139,Philadelphia,false
19145,Philadelphia,false
19148,Philadelphia,false
19149,Philadelphia,false
19150,Philadelphia,false
19152,Philadelphia,false
08093,Philadelphia,false
08102,Philadelphia,false
19111,Philadelphia,false
19142,Philadelphia,false
19130,Philadelphia,false
19133,Philadelphia,false
08104,Philadelphia,false
08063,Philadelphia,false
19428,Philadelphia,false
19144,Philadelphia,false
19020,Philadelphia,false
19121,Philadelphia,false
19154,Philadelphia,false
19127,Philadelphia,false
19143,Philadelphia,false
19012,Philadelphia,false
19128,Philadelphia,false
19141,Philadelphia,false
19106,Philadelphia,true
78223,San Antonio,false
78056,San Antonio,false
78208,San Antonio,false
78259,San Antonio,false
78235,San Antonio,false
78207,San Antonio,false
78240,San Antonio,false
78245,San Antonio,false
78205,San Antonio,true
78073,San Antonio,false
78244,San Antonio,false
78232,San Antonio,false
78204,San Antonio,false
78242,San Antonio,false
78211,San Antonio,false
78261,San Antonio,false
78226,San Antonio,false
78112,San Antonio,false
78228,San Antonio,false
78218,San Antonio,false
78219,San Antonio,false
78260,San Antonio,false
78230,San Antonio,false
78234,San Antonio,false
78243,San Antonio,false
78258,San Antonio,false
78253,San Antonio,false
78203,San Antonio,false
78224,San Antonio,false
78202,San Antonio,false
78256,San Antonio,false
78254,San Antonio,false
78239,San Antonio,false
78209,San Antonio,false
78015,San Antonio,false
78210,San Antonio,false
78212,San Antonio,false
78213,San Antonio,false
78214,San Antonio,false
78201,San Antonio,false
78215,San Antonio,false
78216,San Antonio,false
78227,San Antonio,false
78217,San Antonio,false
78238,San Antonio,false
78154,San Antonio,false
78222,San Antonio,false
78109,San Antonio,false
78257,San Antonio,false
78251,San Antonio,false
78248,San Antonio,false
78249,San Antonio,false
78250,San Antonio,false
78221,San Antonio,false
78152,San Antonio,false
78233,San Antonio,false
78229,San Antonio,false
78236,San Antonio,false
78237,San Antonio,false
78247,San Antonio,false
78220,San Antonio,false
78252,San Antonio,false
78263,San Antonio,false
78264,San Antonio,false
78266,San Antonio,false
78255,San Antonio,false
78023,San Antonio,false
78231,San Antonio,false
78225,San Antonio,false
92134,San Diego,false
92065,San Diego,false
92132,San Diego,false
92147,San Diego,false
91932,San Diego,false
92109,San Diego,false
92145,San Diego,false
92117,San Diego,false
92123,San Diego,false
92118,San Diego,false
92135,San Diego,false
91941,San Diego,false
92111,San Diego,false
92129,San Diego,false
91977,San Diego,false
92108,San Diego,false
92067,San Diego,false
92037,San Diego,false
91911,San Diego,false
92014,San Diego,false
92131,San Diego,false
92116,San Diego,false
92102,San Diego,false
92119,San Diego,false
92173,San Diego,false
91914,San Diego,false
92020,San Diego,false
92091,San Diego,false
91945,San Diego,false
91915,San Diego,false
91950,San Diego,false
91942,San Diego,false
92127,San Diego,false
92128,San Diego,false
92103,San Diego,false
92027,San Diego,false
92130,San Diego,false
92114,San Diego,false
92025,San Diego,false
92105,San Diego,false
92115,San Diego,false
92139,San Diego,false
92140,San Diego,false
92106,San Diego,false
92071,San Diego,false
92064,San Diego,false
92075,San Diego,false
92029,San Diego,false
92107,San Diego,false
92110,San Diego,false
92120,San Diego,false
92122,San Diego,false
92124,San Diego,false
92121,San Diego,false
92154,San Diego,false
92126,San Diego,false
92101,San Diego,true
92113,San Diego,false
92104,San Diego,false
75089,Dallas,false
75287,Dallas,false
75075,Dallas,false
75223,Dallas,false
75081,Dallas,false
75224,Dallas,false
75251,Dallas,false
75149,Dallas,false
75254,Dallas,false
75270,Dallas,true
75246,Dallas,false
75061,Dallas,false
75236,Dallas,false
75150,Dallas,false
75220,Dallas,false
75087,Dallas,false
75210,Dallas,false
75252,Dallas,false
75126,Dallas,false
75205,Dallas,false
75019,Dallas,false
75080,Dallas,false
75206,Dallas,false
75181,Dallas,false
75231,Dallas,false
75006,Dallas,false
75218,Dallas,false
75104,Dallas,false
75166,Dallas,false
75243,Dallas,false
75115,Dallas,false
75207,Dallas,false
75244,Dallas,false
75001,Dallas,false
75137,Dallas,false
75203,Dallas,false
75007,Dallas,false
75208,Dallas,false
75039,Dallas,false
75241,Dallas,false
75051,Dallas,false
75212,Dallas,false
75234,Dallas,false
75215,Dallas,false
75052,Dallas,false
75093,Dallas,false
75116,Dallas,false
75098,Dallas,false
75088,Dallas,false
75141,Dallas,false
75216,Dallas,false
75180,Dallas,false
75209,Dallas,false
75134,Dallas,false
75211,Dallas,false
75201,Dallas,true
75202,Dallas,true
75204,Dallas,false
75390,Dallas,false
75219,Dallas,false
75248,Dallas,false
75182,Dallas,false
75249,Dallas,false
75042,Dallas,false
75041,Dallas,false
75240,Dallas,false
75237,Dallas,false
75230,Dallas,false
75227,Dallas,false
75238,Dallas,false
75060,Dallas,false
75214,Dallas,false
75225,Dallas,false
75063,Dallas,false
75050,Dallas,false
75043,Dallas,false
75233,Dallas,false
75235,Dallas,false
75159,Dallas,false
75062,Dallas,false
75247,Dallas,false
75253,Dallas,false
75228,Dallas,false
75229,Dallas,false
75232,Dallas,false
75032,Dallas,false
75217,Dallas,false
75226,Dallas,false
95140,San Jose,false
95051,San Jose,false
95139,San Jose,false
95121,San Jose,false
95128,San Jose,false
95037,San Jose,false
95054,San Jose,false
95113,San Jose,true
95129,San Jose,false
95148,San Jose,false
95127,San Jose,false
95120,San Jose,false
95126,San Jose,false
95119,San Jose,false
94089,San Jose,false
95131,San Jose,false
95133,San Jose,false
95130,San Jose,false
95014,San Jose,false
95134,San Jose,false
95136,San Jose,false
95013,San Jose,false
95125,San Jose,false
95002,San Jose,false
94538,San Jose,false
95112,San Jose,false
95116,San Jose,false
95117,San Jose,false
95123,San Jose,false
95118,San Jose,false
95124,San Jose,false
95110,San Jose,false
95135,San Jose,false
95132,San Jose,false
95008,San Jose,false
95070,San Jose,false
95138,San Jose,false
95050,San Jose,false
95035,San Jose,false
95032,San Jose,false
95122,San Jose,false
95111,San Jose,false
78653,Austin,false
78756,Austin,false
78612,Austin,false
78757,Austin,false
78741,Austin,false
78748,Austin,false
78702,Austin,false
78712,Austin,false
78701,Austin,true
78641,Austin,false
78733,Austin,false
78704,Austin,false
78739,Austin,false
78742,Austin,false
78725,Austin,false
78719,Austin,false
78724,Austin,false
78744,Austin,false
78681,Austin,false
78745,Austin,false
78610,Austin,false
78731,Austin,false
78617,Austin,false
78728,Austin,false
78734,Austin,false
78729,Austin,false
78737,Austin,false
78749,Austin,false
78730,Austin,false
78613,Austin,false
78660,Austin,false
78750,Austin,false
78754,Austin,false
78758,Austin,false
78759,Austin,false
78652,Austin,false
78664,Austin,false
78703,Austin,false
78705,Austin,false
78717,Austin,false
78721,Austin,false
78722,Austin,false
78723,Austin,false
78726,Austin,false
78727,Austin,false
78735,Austin,false
78736,Austin,false
78738,Austin,false
78747,Austin,false
78752,Austin,false
78746,Austin,false
78732,Austin,false
78751,Austin,false
78753,Austin,false
32097,Jacksonville,false
32011,Jacksonville,false
32212,Jacksonville,false
32227,Jacksonville,false
32204,Jacksonville,false
32266,Jacksonville,false
32223,Jacksonville,false
32228,Jacksonville,false
32257,Jacksonville,false
32065,Jacksonville,false
32246,Jacksonville,false
32073,Jacksonville,false
32254,Jacksonville,false
32258,Jacksonville,false
32233,Jacksonville,false
32220,Jacksonville,false
32034,Jacksonville,false
32207,Jacksonville,false
32081,Jacksonville,false
32003,Jacksonville,false
32226,Jacksonville,false
32256,Jacksonville,false
32277,Jacksonville,false
32216,Jacksonville,false
32244,Jacksonville,false
32224,Jacksonville,false
32219,Jacksonville,false
32222,Jacksonville,false
32225,Jacksonville,false
32221,Jacksonville,false
32063,Jacksonville,false
32206,Jacksonville,false
32205,Jacksonville,false
32209,Jacksonville,false
32210,Jacksonville,false
32009,Jacksonville,false
32082,Jacksonville,false
32202,Jacksonville,true
32250,Jacksonville,false
32234,Jacksonville,false
32259,Jacksonville,false
32217,Jacksonville,false
32218,Jacksonville,false
32208,Jacksonville,false
32211,Jacksonville,false
76148,Fort Worth,false
76103,Fort Worth,false
76248,Fort Worth,false
76039,Fort Worth,false
76134,Fort Worth,false
76013,Fort Worth,false
76133,Fort Worth,false
76140,Fort Worth,false
76135,Fort Worth,false
76020,Fort Worth,false
76112,Fort Worth,false
76247,Fort Worth,false
76036,Fort Worth,false
76118,Fort Worth,false
76179,Fort Worth,false
76114,Fort Worth,false
76126,Fort Worth,false
76006,Fort Worth,false
76115,Fort Worth,false
76110,Fort Worth,false
76129,Fort Worth,false
76244,Fort Worth,false
76109,Fort Worth,false
76040,Fort Worth,false
76119,Fort Worth,false
76120,Fort Worth,false
76123,Fort Worth,false
76052,Fort Worth,false
76060,Fort Worth,false
76127,Fort Worth,false
76104,Fort Worth,false
76105,Fort Worth,false
76106,Fort Worth,false
76107,Fort Worth,false
76111,Fort Worth,false
76132,Fort Worth,false
76053,Fort Worth,false
76028,Fort Worth,false
76177,Fort Worth,false
76155,Fort Worth,false
76164,Fort Worth,false
76137,Fort Worth,false
76102,Fort Worth,true
76116,Fort Worth,false
76108,Fort Worth,false
76262,Fort Worth,false
76012,Fort Worth,false
76117,Fort Worth,false
76008,Fort Worth,false
75050,Fort Worth,false
76051,Fort Worth,false
76016,Fort Worth,false
76131,Fort Worth,false
43203,Columbus,false
43004,Columbus,false
43002,Columbus,false
43201,Columbus,false
43202,Columbus,false
43222,Columbus,false
43211,Columbus,false
43228,Columbus,false
43231,Columbus,false
43217,Columbus,false
43068,Columbus,false
43125,Columbus,false
43017,Columbus,false
43082,Columbus,false
43224,Columbus,false
43219,Columbus,false
43232,Columbus,false
43119,Columbus,false
43062,Columbus,false
43230,Columbus,false
43214,Columbus,false
43110,Columbus,false
43207,Columbus,false
43210,Columbus,false
43240,Columbus,false
43229,Columbus,false
43215,Columbus,true
43026,Columbus,false
43054,Columbus,false
43085,Columbus,false
43137,Columbus,false
43123,Columbus,false
43205,Columbus,false
43147,Columbus,false
43221,Columbus,false
43209,Columbus,false
43235,Columbus,false
43220,Columbus,false
43223,Columbus,false
43146,Columbus,false
43065,Columbus,false
43213,Columbus,false
43016,Columbus,false
43081,Columbus,false
43109,Columbus,false
43206,Columbus,false
43204,Columbus,false
43212,Columbus,false
43227,Columbus,false
43035,Columbus,false
46183,Indianapolis,false
46214,Indianapolis,false
46268,Indianapolis,false
46254,Indianapolis,false
46260,Indianapolis,false
46290,Indianapolis,false
46237,Indianapolis,false
46142,Indianapolis,false
46235,Indianapolis,false
46218,Indianapolis,false
46220,Indianapolis,false
46143,Indianapolis,false
46163,Indianapolis,false
46038,Indianapolis,false
46231,Indianapolis,false
46113,Indianapolis,false
46224,Indianapolis,false
46140,Indianapolis,false
46107,Indianapolis,false
46055,Indianapolis,false
46077,Indianapolis,false
46126,Indianapolis,false
46256,Indianapolis,false
46236,Indianapolis,false
46239,Indianapolis,false
46250,Indianapolis,false
46219,Indianapolis,false
46123,Indianapolis,false
46217,Indianapolis,false
46033,Indianapolis,false
46037,Indianapolis,false
46221,Indianapolis,false
46234,Indianapolis,false
46205,Indianapolis,false
46229,Indianapolis,false
46240,Indianapolis,false
46228,Indianapolis,false
46259,Indianapolis,false
46278,Indianapolis,false
46280,Indianapolis,false
46216,Indianapolis,false
46112,Indianapolis,false
46201,Indianapolis,false
46208,Indianapolis,false
46202,Indianapolis,false
46241,Indianapolis,false
46204,Indianapolis,true
46227,Indianapolis,false
46226,Indianapolis,false
46225,Indianapolis,false
46222,Indianapolis,false
46203,Indianapolis,false
46032,Indianapolis,false
28282,Charlotte,true
28280,Charlotte,true
28244,Charlotte,true
28078,Charlotte,false
28207,Charlotte,false
28269,Charlotte,false
28226,Charlotte,false
28213,Charlotte,false
28278,Charlotte,false
28210,Charlotte,false
28217,Charlotte,false
28027,Charlotte,false
28205,Charlotte,false
28104,Charlotte,false
28211,Charlotte,false
28215,Charlotte,false
28212,Charlotte,false
28208,Charlotte,false
28209,Charlotte,false
28277,Charlotte,false
28214,Charlotte,false
28216,Charlotte,false
28227,Charlotte,false
28075,Charlotte,false
28134,Charlotte,false
28173,Charlotte,false
29708,Charlotte,false
28204,Charlotte,false
28202,Charlotte,true
28203,Charlotte,false
28120,Charlotte,false
28273,Charlotte,false
28262,Charlotte,false
28270,Charlotte,false
28206,Charlotte,false
28105,Charlotte,false
94127,San Francisco,false
94121,San Francisco,false
94118,San Francisco,false
94108,San Francisco,false
94130,San Francisco,false
94104,San Francisco,true
94115,San Francisco,false
94134,San Francisco,false
94111,San Francisco,true
94117,San Francisco,false
94103,San Francisco,false
94110,San Francisco,false
94109,San Francisco,false
94158,San Francisco,false
94131,San Francisco,false
94132,San Francisco,false
94965,San Francisco,false
94102,San Francisco,false
94501,San Francisco,false
94129,San Francisco,false
94116,San Francisco,false
94133,San Francisco,false
94920,San Francisco,false
94107,San Francisco,false
94112,San Francisco,false
94114,San Francisco,false
94014,San Francisco,false
94015,San Francisco,false
94123,San Francisco,false
94005,San Francisco,false
94124,San Francisco,false
94105,San Francisco,true
94122,San Francisco,false
98039,Seattle,false
98195,Seattle,false
98101,Seattle,true
98121,Seattle,false
98136,Seattle,false
98174,Seattle,true
98154,Seattle,true
98199,Seattle,false
98119,Seattle,false
98102,Seattle,false
98155,Seattle,false
98116,Seattle,false
98104,Seattle,true
98126,Seattle,false
98033,Seattle,false
98146,Seattle,false
98168,Seattle,false
98125,Seattle,false
98164,Seattle,true
98034,Seattle,false
98178,Seattle,false
98118,Seattle,false
98122,Seattle,false
98134,Seattle,false
98144,Seattle,false
98107,Seattle,false
98108,Seattle,false
98103,Seattle,false
98109,Seattle,false
98117,Seattle,false
98177,Seattle,false
98106,Seattle,false
98115,Seattle,false
98112,Seattle,false
98105,Seattle,false
98133,Seattle,false
98040,Seattle,false
80290,Denver,false
80218,Denver,false
80294,Denver,false
80264,Denver,false
80293,Denver,true
80045,Denver,false
80014,Denver,false
80212,Denver,false
80231,Denver,false
80249,Denver,false
80237,Denver,false
80016,Denver,false
80223,Denver,false
80211,Denver,false
80010,Denver,false
80224,Denver,false
80219,Denver,false
80207,Denver,false
80022,Denver,false
80222,Denver,false
80002,Denver,false
80227,Denver,false
80033,Denver,false
80203,Denver,false
80246,Denver,false
80011,Denver,false
80012,Denver,false
80019,Denver,false
80238,Denver,false
80230,Denver,false
80127,Denver,false
80015,Denver,false
80123,Denver,false
80204,Denver,false
80137,Denver,false
80239,Denver,false
80214,Denver,false
80209,Denver,false
80210,Denver,false
80216,Denver,false
80235,Denver,false
80236,Denver,false
80220,Denver,false
80226,Denver,false
80232,Denver,false
80247,Denver,false
80642,Denver,false
80603,Denver,false
80202,Denver,true
80206,Denver,false
80205,Denver,false
80110,Denver,false
80113,Denver,false
80221,Denver,false
80111,Denver,false
20012,Washington DC,false
20520,Washington DC,false
20427,Washington DC,false
20202,Washington DC,false
20565,Washington DC,false
20712,Washington DC,false
20551,Washington DC,false
20390,Washington DC,false
20052,Washington DC,false
20418,Washington DC,false
20566,Washington DC,false
20204,Washington DC,false
20506,Washington DC,false
20593,Washington DC,false
20053,Washington DC,false
20064,Washington DC,false
20245,Washington DC,false
20510,Washington DC,false
20540,Washington DC,false
20004,Washington DC,false
20009,Washington DC,false
20535,Washington DC,false
20319,Washington DC,false
20240,Washington DC,false
20018,Washington DC,false
20016,Washington DC,false
20230,Washington DC,false
20560,Washington DC,false
20228,Washington DC,false
20748,Washington DC,false
20816,Washington DC,false
20317,Washington DC,false
20003,Washington DC,false
20260,Washington DC,false
20045,Washington DC,false
20405,Washington DC,false
20783,Washington DC,false
22314,Washington DC,false
20032,Washington DC,false
20037,Washington DC,false
20008,Washington DC,false
22101,Washington DC,false
20006,Washington DC,true
20307,Washington DC,false
20743,Washington DC,false
20815,Washington DC,false
20020,Washington DC,false
20017,Washington DC,false
20005,Washington DC,true
20746,Washington DC,false
20782,Washington DC,false
20002,Washington DC,false
20010,Washington DC,false
20553,Washington DC,false
22202,Washington DC,false
22211,Washington DC,false
20057,Washington DC,false
20015,Washington DC,false
22207,Washington DC,false
20024,Washington DC,false
20001,Washington DC,false
20019,Washington DC,false
20912,Washington DC,false
20011,Washington DC,false
20910,Washington DC,false
20036,Washington DC,true
20007,Washington DC,false
20722,Washington DC,false
20373,Washington DC,false
20745,Washington DC,false
37246,Nashville,false
37064,Nashville,false
37122,Nashville,false
37213,Nashville,false
37219,Nashville,true
37228,Nashville,false
37015,Nashville,false
37206,Nashville,false
37209,Nashville,false
37086,Nashville,false
37220,Nashville,false
37214,Nashville,false
37143,Nashville,false
37201,Nashville,true
37076,Nashville,false
37027,Nashville,false
37208,Nashville,false
37240,Nashville,false
37205,Nashville,false
37075,Nashville,false
37210,Nashville,false
37138,Nashville,false
37080,Nashville,false
37217,Nashville,false
37115,Nashville,false
37135,Nashville,false
37204,Nashville,false
37189,Nashville,false
37203,Nashville,false
37218,Nashville,false
37212,Nashville,false
37207,Nashville,false
37216,Nashville,false
37072,Nashville,false
37211,Nashville,false
37013,Nashville,false
37215,Nashville,false
37082,Nashville,false
37221,Nashville,false
37243,Nashville,false
37073,Nashville,false
37062,Nashville,false
73111,Oklahoma City,false
73097,Oklahoma City,false
73142,Oklahoma City,false
73012,Oklahoma City,false
73105,Oklahoma City,false
73071,Oklahoma City,false
73106,Oklahoma City,false
73110,Oklahoma City,false
73112,Oklahoma City,false
73115,Oklahoma City,false
73162,Oklahoma City,false
73130,Oklahoma City,false
73103,Oklahoma City,false
73170,Oklahoma City,false
73134,Oklahoma City,false
73139,Oklahoma City,false
73149,Oklahoma City,false
73169,Oklahoma City,false
74851,Oklahoma City,false
73121,Oklahoma City,false
73064,Oklahoma City,false
73020,Oklahoma City,false
73151,Oklahoma City,false
73179,Oklahoma City,false
73114,Oklahoma City,false
73129,Oklahoma City,false
73118,Oklahoma City,false
73109,Oklahoma City,false
73102,Oklahoma City,true
73117,Oklahoma City,false
73141,Oklahoma City,false
73003,Oklahoma City,false
73007,Oklahoma City,false
73013,Oklahoma City,false
73008,Oklahoma City,false
73036,Oklahoma City,false
73128,Oklahoma City,false
73119,Oklahoma City,false
73099,Oklahoma City,false
73078,Oklahoma City,false
73107,Oklahoma City,false
73090,Oklahoma City,false
73150,Oklahoma City,false
73160,Oklahoma City,false
73159,Oklahoma City,false
73120,Oklahoma City,false
73122,Oklahoma City,false
73135,Oklahoma City,false
73116,Oklahoma City,false
73104,Oklahoma City,false
73145,Oklahoma City,false
73131,Oklahoma City,false
73132,Oklahoma City,false
73108,Oklahoma City,false
74857,Oklahoma City,false
73165,Oklahoma City,false
73173,Oklahoma City,false
73034,Oklahoma City,false
73054,Oklahoma City,false
73065,Oklahoma City,false
73066,Oklahoma City,false
73072,Oklahoma City,false
73089,Oklahoma City,false
73049,Oklahoma City,false
73127,Oklahoma City,false
73026,Oklahoma City,false
73084,Oklahoma City,false
79916,El Paso,false
79938,El Paso,false
79920,El Paso,false
79924,El Paso,false
79902,El Paso,false
79911,El Paso,false
88008,El Paso,false
79922,El Paso,false
79901,El Paso,true
79906,El Paso,false
79905,El Paso,false
79821,El Paso,false
79903,El Paso,false
79904,El Paso,false
79907,El Paso,false
79908,El Paso,false
79928,El Paso,false
79915,El Paso,false
79925,El Paso,false
79927,El Paso,false
79930,El Paso,false
79934,El Paso,false
79935,El Paso,false
79936,El Paso,false
88063,El Paso,false
79912,El Paso,false
79932,El Paso,false
79835,El Paso,false
88081,El Paso,false
02141,Boston,false
02139,Boston,false
02111,Boston,false
02132,Boston,false
02110,Boston,true
02215,Boston,false
02199,Boston,false
02108,Boston,false
02163,Boston,false
02118,Boston,false
02131,Boston,false
02127,Boston,false
02026,Boston,false
02021,Boston,false
02142,Boston,false
02115,Boston,false
02138,Boston,false
02492,Boston,false
02210,Boston,false
02135,Boston,false
02149,Boston,false
02467,Boston,false
02134,Boston,false
02116,Boston,false
02128,Boston,false
02124,Boston,false
02171,Boston,false
02126,Boston,false
02150,Boston,false
02152,Boston,false
02186,Boston,false
02109,Boston,true
02121,Boston,false
02122,Boston,false
02125,Boston,false
02130,Boston,false
02136,Boston,false
02143,Boston,false
02145,Boston,false
02114,Boston,false
02119,Boston,false
02120,Boston,false
02445,Boston,false
02459,Boston,false
02472,Boston,false
02446,Boston,false
02203,Boston,false
02113,Boston,false
02129,Boston,false
02151,Boston,false
02458,Boston,false
97205,Portland,false
97232,Portland,false
97214,Portland,false
97208,Portland,false
97204,Portland,true
97216,Portland,false
97217,Portland,false
98660,Portland,false
97225,Portland,false
97212,Portland,false
97080,Portland,false
97215,Portland,false
97233,Portland,false
98664,Portland,false
97034,Portland,false
97203,Portland,false
97223,Portland,false
97210,Portland,false
97201,Portland,false
97229,Portland,false
97086,Portland,false
97231,Portland,false
97221,Portland,false
97218,Portland,false
97239,Portland,false
98683,Portland,false
97030,Portland,false
97035,Portland,false
98661,Portland,false
97202,Portland,false
97206,Portland,false
97211,Portland,false
97236,Portland,false
97227,Portland,false
97230,Portland,false
97219,Portland,false
97220,Portland,false
97213,Portland,false
97222,Portland,false
97266,Portland,false
97209,Portland,false
89143,Las Vegas,false
89025,Las Vegas,false
89149,Las Vegas,false
89085,Las Vegas,false
89101,Las Vegas,true
89109,Las Vegas,false
89138,Las Vegas,false
89124,Las Vegas,false
89128,Las Vegas,false
89031,Las Vegas,false
89135,Las Vegas,false
89030,Las Vegas,false
89169,Las Vegas,false
89166,Las Vegas,false
89032,Las Vegas,false
89134,Las Vegas,false
89110,Las Vegas,false
89131,Las Vegas,false
89129,Las Vegas,false
89115,Las Vegas,false
89142,Las Vegas,false
89145,Las Vegas,false
89107,Las Vegas,false
89106,Las Vegas,false
89146,Las Vegas,false
89130,Las Vegas,false
89156,Las Vegas,false
89144,Las Vegas,false
89117,Las Vegas,false
89108,Las Vegas,false
89084,Las Vegas,false
89102,Las Vegas,false
89104,Las Vegas,false
89121,Las Vegas,false
48233,Detroit,false
48091,Detroit,false
48216,Detroit,false
48225,Detroit,false
48227,Detroit,false
48214,Detroit,false
48220,Detroit,false
48237,Detroit,false
48239,Detroit,false
48230,Detroit,false
48226,Detroit,true
48122,Detroit,false
48127,Detroit,false
48215,Detroit,false
48030,Detroit,false
48205,Detroit,false
48204,Detroit,false
48021,Detroit,false
48211,Detroit,false
48128,Detroit,false
48210,Detroit,false
48212,Detroit,false
48243,Detroit,true
48213,Detroit,false
48126,Detroit,false
48146,Detroit,false
48218,Detroit,false
48202,Detroit,false
48206,Detroit,false
48217,Detroit,false
48201,Detroit,false
48224,Detroit,false
48221,Detroit,false
48207,Detroit,false
48208,Detroit,false
48209,Detroit,false
48240,Detroit,false
48228,Detroit,false
48229,Detroit,false
48203,Detroit,false
48120,Detroit,false
48075,Detroit,false
48089,Detroit,false
48236,Detroit,false
48238,Detroit,false
48223,Detroit,false
48033,Detroit,false
48219,Detroit,false
48234,Detroit,false
48235,Detroit,false
38053,Memphis,false
38126,Memphis,false
38132,Memphis,false
38141,Memphis,false
38152,Memphis,false
38680,Memphis,false
38671,Memphis,false
38114,Memphis,false
38139,Memphis,false
72376,Memphis,false
38115,Memphis,false
38108,Memphis,false
38128,Memphis,false
38116,Memphis,false
38131,Memphis,false
38138,Memphis,false
38106,Memphis,false
38654,Memphis,false
38018,Memphis,false
38016,Memphis,false
38112,Memphis,false
38104,Memphis,false
38120,Memphis,false
38107,Memphis,false
38109,Memphis,false
38133,Memphis,false
38119,Memphis,false
38135,Memphis,false
38127,Memphis,false
38118,Memphis,false
38117,Memphis,false
38105,Memphis,false
38134,Memphis,false
38111,Memphis,false
38125,Memphis,false
38002,Memphis,false
72301,Memphis,false
38641,Memphis,false
38122,Memphis,false
38103,Memphis,true
38028,Memphis,false
40025,Louisville,false
40231,Louisville,false
40041,Louisville,false
40071,Louisville,false
40280,Louisville,false
40211,Louisville,false
40204,Louisville,false
40210,Louisville,false
47150,Louisville,false
40165,Louisville,false
40014,Louisville,false
40118,Louisville,false
40213,Louisville,false
40215,Louisville,false
40241,Louisville,false
47117,Louisville,false
40208,Louisville,false
40243,Louisville,false
40291,Louisville,false
40203,Louisville,false
40228,Louisville,false
40299,Louisville,false
40056,Louisville,false
40109,Louisville,false
40059,Louisville,false
40067,Louisville,false
40245,Louisville,false
40258,Louisville,false
40272,Louisville,false
40217,Louisville,false
40206,Louisville,false
40177,Louisville,false
40202,Louisville,true
40205,Louisville,false
40214,Louisville,false
40216,Louisville,false
40219,Louisville,false
40222,Louisville,false
47129,Louisville,false
47130,Louisville,false
40209,Louisville,false
40023,Louisville,false
40047,Louisville,false
40220,Louisville,false
40207,Louisville,false
40229,Louisville,false
40218,Louisville,false
40242,Louisville,false
40212,Louisville,false
40223,Louisville,false
21217,Baltimore,false
21231,Baltimore,false
21251,Baltimore,false
21216,Baltimore,false
21227,Baltimore,false
21234,Baltimore,false
21212,Baltimore,false
21201,Baltimore,true
21211,Baltimore,false
21225,Baltimore,false
21228,Baltimore,false
21222,Baltimore,false
21229,Baltimore,false
21230,Baltimore,false
21206,Baltimore,false
21210,Baltimore,false
21237,Baltimore,false
21226,Baltimore,false
21215,Baltimore,false
21218,Baltimore,false
21208,Baltimore,false
21236,Baltimore,false
21213,Baltimore,false
21209,Baltimore,false
21223,Baltimore,false
21202,Baltimore,true
21224,Baltimore,false
21205,Baltimore,false
21239,Baltimore,false
21207,Baltimore,false
21214,Baltimore,false
53218,Milwaukee,false
53223,Milwaukee,false
53205,Milwaukee,false
53206,Milwaukee,false
53227,Milwaukee,false
53203,Milwaukee,false
53215,Milwaukee,false
53208,Milwaukee,false
53226,Milwaukee,false
53228,Milwaukee,false
53220,Milwaukee,false
53295,Milwaukee,false
53221,Milwaukee,false
53202,Milwaukee,true
53217,Milwaukee,false
53216,Milwaukee,false
53207,Milwaukee,false
53225,Milwaukee,false
53212,Milwaukee,false
53214,Milwaukee,false
53204,Milwaukee,false
53209,Milwaukee,false
53222,Milwaukee,false
53210,Milwaukee,false
53224,Milwaukee,false
53219,Milwaukee,false
53213,Milwaukee,false
53092,Milwaukee,false
53233,Milwaukee,false
53235,Milwaukee,false
53154,Milwaukee,false
53007,Milwaukee,false
53211,Milwaukee,false
53022,Milwaukee,false
53051,Milwaukee,false
53097,Milwaukee,false
87109,Albuquerque,false
87121,Albuquerque,false
87116,Albuquerque,false
87120,Albuquerque,false
87048,Albuquerque,false
87111,Albuquerque,false
87108,Albuquerque,false
87117,Albuquerque,false
87104,Albuquerque,false
87107,Albuquerque,false
87123,Albuquerque,false
87105,Albuquerque,false
87110,Albuquerque,false
87122,Albuquerque,false
87124,Albuquerque,false
87112,Albuquerque,false
87113,Albuquerque,false
87106,Albuquerque,false
87102,Albuquerque,true
87114,Albuquerque,false
85726,Tucson,false
85629,Tucson,false
85750,Tucson,false
85724,Tucson,false
85707,Tucson,false
85641,Tucson,false
85701,Tucson,true
85748,Tucson,false
85730,Tucson,false
85712,Tucson,false
85747,Tucson,false
85718,Tucson,false
85705,Tucson,false
85723,Tucson,false
85746,Tucson,false
85714,Tucson,false
85715,Tucson,false
85719,Tucson,false
85741,Tucson,false
85716,Tucson,false
85704,Tucson,false
85708,Tucson,false
85710,Tucson,false
85743,Tucson,false
85749,Tucson,false
85756,Tucson,false
85706,Tucson,false
85745,Tucson,false
85711,Tucson,false
85713,Tucson,false
93637,Fresno,false
93636,Fresno,false
93701,Fresno,false
93727,Fresno,false
93726,Fresno,false
93725,Fresno,false
93650,Fresno,false
93721,Fresno,true
93705,Fresno,false
93611,Fresno,false
93720,Fresno,false
93723,Fresno,false
93728,Fresno,false
93706,Fresno,false
93703,Fresno,false
93704,Fresno,false
93710,Fresno,false
93711,Fresno,false
93612,Fresno,false
93702,Fresno,false
93722,Fresno,false
93730,Fresno,false
93619,Fresno,false
95835,Sacramento,false
95816,Sacramento,false
95825,Sacramento,false
95819,Sacramento,false
95829,Sacramento,false
95864,Sacramento,false
95691,Sacramento,false
95660,Sacramento,false
95841,Sacramento,false
95811,Sacramento,false
95828,Sacramento,false
95815,Sacramento,false
95820,Sacramento,false
95605,Sacramento,false
95652,Sacramento,false
95612,Sacramento,false
95833,Sacramento,false
95758,Sacramento,false
95814,Sacramento,true
95834,Sacramento,false
95837,Sacramento,false
95673,Sacramento,false
95817,Sacramento,false
95818,Sacramento,false
95822,Sacramento,false
95823,Sacramento,false
95824,Sacramento,false
95826,Sacramento,false
95831,Sacramento,false
95832,Sacramento,false
95838,Sacramento,false
95821,Sacramento,false
95624,Sacramento,false
64112,Kansas City,false
64125,Kansas City,false
64109,Kansas City,false
66118,Kansas City,false
64165,Kansas City,false
64158,Kansas City,false
64114,Kansas City,false
66103,Kansas City,false
64111,Kansas City,false
64123,Kansas City,false
64130,Kansas City,false
64101,Kansas City,false
64102,Kansas City,false
64108,Kansas City,false
64110,Kansas City,false
64117,Kansas City,false
64053,Kansas City,false
64147,Kansas City,false
64154,Kansas City,false
64106,Kansas City,true
64030,Kansas City,false
64192,Kansas City,false
66211,Kansas City,false
64163,Kansas City,false
64145,Kansas City,false
64083,Kansas City,false
64124,Kansas City,false
64132,Kansas City,false
64167,Kansas City,false
64113,Kansas City,false
64116,Kansas City,false
64120,Kansas City,false
64151,Kansas City,false
64138,Kansas City,false
64133,Kansas City,false
64105,Kansas City,true
64128,Kansas City,false
64157,Kansas City,false
64086,Kansas City,false
64149,Kansas City,false
64068,Kansas City,false
66224,Kansas City,false
66115,Kansas City,false
64012,Kansas City,false
64058,Kansas City,false
64050,Kansas City,false
64052,Kansas City,false
64089,Kansas City,false
64081,Kansas City,false
64082,Kansas City,false
64055,Kansas City,false
64079,Kansas City,false
64150,Kansas City,false
64065,Kansas City,false
64139,Kansas City,false
64146,Kansas City,false
64131,Kansas City,false
64161,Kansas City,false
64166,Kansas City,false
64153,Kansas City,false
64164,Kansas City,false
64134,Kansas City,false
64136,Kansas City,false
64137,Kansas City,false
64152,Kansas City,false
64155,Kansas City,false
64126,Kansas City,false
64118,Kansas City,false
66208,Kansas City,false
64119,Kansas City,false
64054,Kansas City,false
66206,Kansas City,false
64064,Kansas City,false
64156,Kansas City,false
64127,Kansas City,false
64129,Kansas City,false
85215,Mesa,false
85203,Mesa,false
85207,Mesa,false
85212,Mesa,false
85224,Mesa,false
85295,Mesa,false
85233,Mesa,false
85296,Mesa,false
85201,Mesa,false
85256,Mesa,false
85140,Mesa,false
85142,Mesa,false
85205,Mesa,false
85213,Mesa,false
85206,Mesa,false
85210,Mesa,false
85202,Mesa,false
85283,Mesa,false
85282,Mesa,false
85204,Mesa,false
85208,Mesa,false
85209,Mesa,false
85225,Mesa,false
85281,Mesa,false
85120,Mesa,false
85234,Mesa,false
30332,Atlanta,false
30326,Atlanta,false
30334,Atlanta,false
30337,Atlanta,false
30363,Atlanta,false
30322,Atlanta,false
30308,Atlanta,false
30307,Atlanta,false
30349,Atlanta,false
30126,Atlanta,false
30080,Atlanta,false
30305,Atlanta,false
30315,Atlanta,false
30032,Atlanta,false
30327,Atlanta,false
30310,Atlanta,false
30030,Atlanta,false
30311,Atlanta,false
30313,Atlanta,false
30309,Atlanta,false
30303,Atlanta,true
30297,Atlanta,false
30342,Atlanta,false
30339,Atlanta,false
30331,Atlanta,false
30336,Atlanta,false
30344,Atlanta,false
30317,Atlanta,false
30329,Atlanta,false
30288,Atlanta,false
30082,Atlanta,false
30318,Atlanta,false
30319,Atlanta,false
30324,Atlanta,false
30314,Atlanta,false
30354,Atlanta,false
30033,Atlanta,false
30312,Atlanta,false
30316,Atlanta,false
30306,Atlanta,false
68137,Omaha,false
68118,Omaha,false
68104,Omaha,false
68127,Omaha,false
68132,Omaha,false
68116,Omaha,false
68114,Omaha,false
68105,Omaha,false
68157,Omaha,false
51510,Omaha,false
68131,Omaha,false
68124,Omaha,false
68130,Omaha,false
68154,Omaha,false
51501,Omaha,false
68178,Omaha,false
68110,Omaha,false
68122,Omaha,false
68106,Omaha,false
68010,Omaha,false
68135,Omaha,false
68111,Omaha,false
68144,Omaha,false
68022,Omaha,false
68069,Omaha,false
68108,Omaha,false
68007,Omaha,false
68005,Omaha,false
68112,Omaha,false
68107,Omaha,false
68142,Omaha,false
68147,Omaha,false
68117,Omaha,false
68152,Omaha,false
68164,Omaha,false
51526,Omaha,false
68128,Omaha,false
68138,Omaha,false
68134,Omaha,false
68136,Omaha,false
68102,Omaha,true
80938,Colorado Springs,false
80927,Colorado Springs,false
80921,Colorado Springs,false
80924,Colorado Springs,false
80914,Colorado Springs,false
80951,Colorado Springs,false
80831,Colorado Springs,false
80840,Colorado Springs,false
80904,Colorado Springs,false
80809,Colorado Springs,false
80906,Colorado Springs,false
80903,Colorado Springs,true
80920,Colorado Springs,false
80915,Colorado Springs,false
80918,Colorado Springs,false
80909,Colorado Springs,false
80939,Colorado Springs,false
80910,Colorado Springs,false
80908,Colorado Springs,false
80905,Colorado Springs,false
80923,Colorado Springs,false
80922,Colorado Springs,false
80911,Colorado Springs,false
80916,Colorado Springs,false
80929,Colorado Springs,false
80907,Colorado Springs,false
80926,Colorado Springs,false
80925,Colorado Springs,false
80829,Colorado Springs,false
80919,Colorado Springs,false
80917,Colorado Springs,false
27587,Raleigh,false
27605,Raleigh,false
27511,Raleigh,false
27603,Raleigh,false
27703,Raleigh,false
27613,Raleigh,false
27513,Raleigh,false
27608,Raleigh,false
27606,Raleigh,false
27545,Raleigh,false
27615,Raleigh,false
27560,Raleigh,false
27529,Raleigh,false
27617,Raleigh,false
27601,Raleigh,true
27604,Raleigh,false
27591,Raleigh,false
27610,Raleigh,false
27607,Raleigh,false
27614,Raleigh,false
27609,Raleigh,false
27518,Raleigh,false
27616,Raleigh,false
27612,Raleigh,false
90822,Long Beach,false
90803,Long Beach,false
90712,Long Beach,false
90831,Long Beach,false
90720,Long Beach,false
90808,Long Beach,false
90810,Long Beach,false
90713,Long Beach,false
90813,Long Beach,false
90814,Long Beach,false
90807,Long Beach,false
90744,Long Beach,false
90804,Long Beach,false
90815,Long Beach,false
90630,Long Beach,false
90806,Long Beach,false
90755,Long Beach,false
90805,Long Beach,false
90802,Long Beach,false
90731,Long Beach,false
90740,Long Beach,false
90706,Long Beach,false
90715,Long Beach,false
90716,Long Beach,false
90723,Long Beach,false
90221,Long Beach,false
23461,Virginia Beach,false
23460,Virginia Beach,false
23459,Virginia Beach,false
23325,Virginia Beach,false
23456,Virginia Beach,false
27927,Virginia Beach,false
23457,Virginia Beach,false
23464,Virginia Beach,false
23518,Virginia Beach,false
23462,Virginia Beach,false
23320,Virginia Beach,false
23452,Virginia Beach,false
23453,Virginia Beach,false
27950,Virginia Beach,false
23455,Virginia Beach,false
23502,Virginia Beach,false
23322,Virginia Beach,false
23454,Virginia Beach,false
23451,Virginia Beach,false
33142,Miami,false
33146,Miami,false
33139,Miami,false
33136,Miami,false
33130,Miami,false
33131,Miami,true
33149,Miami,false
33144,Miami,false
33137,Miami,false
33129,Miami,false
33101,Miami,false
33132,Miami,false
33150,Miami,false
33147,Miami,false
33133,Miami,false
33128,Miami,false
33145,Miami,false
33127,Miami,false
33126,Miami,false
33140,Miami,false
33141,Miami,false
33135,Miami,false
33122,Miami,false
33109,Miami,false
33138,Miami,false
33125,Miami,false
33134,Miami,false
94613,Oakland,false
94720,Oakland,false
94708,Oakland,false
94563,Oakland,false
94606,Oakland,false
94546,Oakland,false
94610,Oakland,false
94618,Oakland,false
94621,Oakland,false
94702,Oakland,false
94502,Oakland,false
94703,Oakland,false
94501,Oakland,false
94577,Oakland,false
94612,Oakland,true
94619,Oakland,false
94704,Oakland,false
94705,Oakland,false
94602,Oakland,false
94603,Oakland,false
94605,Oakland,false
94607,Oakland,false
94608,Oakland,false
94611,Oakland,false
94601,Oakland,false
94609,Oakland,false
55403,Minneapolis,false
55422,Minneapolis,false
55401,Minneapolis,false
55409,Minneapolis,false
55114,Minneapolis,false
55455,Minneapolis,false
55435,Minneapolis,false
55411,Minneapolis,false
55419,Minneapolis,false
55407,Minneapolis,false
55454,Minneapolis,false
55410,Minneapolis,false
55116,Minneapolis,false
55415,Minneapolis,true
55113,Minneapolis,false
55105,Minneapolis,false
55421,Minneapolis,false
55104,Minneapolis,false
55408,Minneapolis,false
55412,Minneapolis,false
55424,Minneapolis,false
55423,Minneapolis,false
55414,Minneapolis,false
55418,Minneapolis,false
55416,Minneapolis,false
55406,Minneapolis,false
55450,Minneapolis,false
55417,Minneapolis,false
55429,Minneapolis,false
55402,Minneapolis,true
55111,Minneapolis,false
55430,Minneapolis,false
55108,Minneapolis,false
55404,Minneapolis,false
55405,Minneapolis,false
55413,Minneapolis,false
74134,Tulsa,false
74070,Tulsa,false
74108,Tulsa,false
74128,Tulsa,false
74129,Tulsa,false
74015,Tulsa,false
74119,Tulsa,true
74137,Tulsa,false
74127,Tulsa,false
74136,Tulsa,false
74104,Tulsa,false
74021,Tulsa,false
74055,Tulsa,false
74120,Tulsa,false
74107,Tulsa,false
74126,Tulsa,false
74130,Tulsa,false
74110,Tulsa,false
74008,Tulsa,false
74014,Tulsa,false
74073,Tulsa,false
74135,Tulsa,false
74012,Tulsa,false
74145,Tulsa,false
74146,Tulsa,false
74114,Tulsa,false
74105,Tulsa,false
74106,Tulsa,false
74037,Tulsa,false
74115,Tulsa,false
74117,Tulsa,false
74131,Tulsa,false
74132,Tulsa,false
74112,Tulsa,false
74116,Tulsa,false
74103,Tulsa,true
74133,Tulsa,false
93308,Bakersfield,false
93203,Bakersfield,false
93306,Bakersfield,false
93305,Bakersfield,false
93220,Bakersfield,false
93309,Bakersfield,false
93312,Bakersfield,false
93307,Bakersfield,false
93304,Bakersfield,false
93314,Bakersfield,false
93311,Bakersfield,false
93313,Bakersfield,false
93301,Bakersfield,true
93263,Bakersfield,false
67260,Wichita,false
67223,Wichita,false
67227,Wichita,false
67202,Wichita,true
67207,Wichita,false
67206,Wichita,false
67211,Wichita,false
67067,Wichita,false
67218,Wichita,false
67220,Wichita,false
67228,Wichita,false
67230,Wichita,false
67203,Wichita,false
67217,Wichita,false
67149,Wichita,false
67002,Wichita,false
67226,Wichita,false
67037,Wichita,false
67212,Wichita,false
67215,Wichita,false
67216,Wichita,false
67208,Wichita,false
67204,Wichita,false
67205,Wichita,false
67214,Wichita,false
67210,Wichita,false
67213,Wichita,false
67232,Wichita,false
67235,Wichita,false
67101,Wichita,false
67106,Wichita,false
67209,Wichita,false
67219,Wichita,false
67030,Wichita,false
67052,Wichita,false
76018,Arlington,false
76001,Arlington,false
76013,Arlington,false
76140,Arlington,false
76112,Arlington,false
76063,Arlington,false
76002,Arlington,false
76006,Arlington,false
76010,Arlington,false
75051,Arlington,false
76017,Arlington,false
75052,Arlington,false
76040,Arlington,false
76119,Arlington,false
76120,Arlington,false
76060,Arlington,false
76155,Arlington,false
76014,Arlington,false
76015,Arlington,false
76011,Arlington,false
76012,Arlington,false
75050,Arlington,false
76016,Arlington,false
80013,Aurora,false
80045,Aurora,false
80014,Aurora,false
80231,Aurora,false
80249,Aurora,false
80237,Aurora,false
80016,Aurora,false
80112,Aurora,false
80017,Aurora,false
80010,Aurora,false
80102,Aurora,false
80011,Aurora,false
80012,Aurora,false
80018,Aurora,false
80019,Aurora,false
80238,Aurora,false
80230,Aurora,false
80015,Aurora,false
80137,Aurora,false
80239,Aurora,false
80220,Aurora,false
80247,Aurora,false
80138,Aurora,false
80111,Aurora,false
33620,Tampa,false
33619,Tampa,false
33607,Tampa,false
33616,Tampa,false
33621,Tampa,false
33543,Tampa,false
33637,Tampa,false
33610,Tampa,false
33629,Tampa,false
33617,Tampa,false
33615,Tampa,false
33559,Tampa,false
33592,Tampa,false
33604,Tampa,false
33603,Tampa,false
33602,Tampa,true
33609,Tampa,false
33611,Tampa,false
33613,Tampa,false
33635,Tampa,false
33647,Tampa,false
33614,Tampa,false
33606,Tampa,false
33605,Tampa,false
33618,Tampa,false
33612,Tampa,false
33634,Tampa,false
33544,Tampa,false
70128,New Orleans,false
70139,New Orleans,true
70001,New Orleans,false
70058,New Orleans,false
70163,New Orleans,false
70005,New Orleans,false
70114,New Orleans,false
70118,New Orleans,false
70130,New Orleans,true
70122,New Orleans,false
70125,New Orleans,false
70115,New Orleans,false
70037,New Orleans,false
70113,New Orleans,false
70121,New Orleans,false
70126,New Orleans,false
70129,New Orleans,false
70032,New Orleans,false
70043,New Orleans,false
70053,New Orleans,false
70056,New Orleans,false
70124,New Orleans,false
70127,New Orleans,false
70131,New Orleans,false
70072,New Orleans,false
70116,New Orleans,false
70117,New Orleans,false
70094,New Orleans,false
70119,New Orleans,false
70112,New Orleans,true
44101,Cleveland,false
44121,Cleveland,false
44126,Cleveland,false
44107,Cleveland,false
44102,Cleveland,false
44108,Cleveland,false
44110,Cleveland,false
44134,Cleveland,false
44130,Cleveland,false
44106,Cleveland,false
44120,Cleveland,false
44119,Cleveland,false
44113,Cleveland,false
44109,Cleveland,false
44114,Cleveland,true
44104,Cleveland,false
44137,Cleveland,false
44115,Cleveland,false
44127,Cleveland,false
44128,Cleveland,false
44118,Cleveland,false
44122,Cleveland,false
44125,Cleveland,false
44105,Cleveland,false
44117,Cleveland,false
44111,Cleveland,false
44112,Cleveland,false
44142,Cleveland,false
44103,Cleveland,false
44131,Cleveland,false
44135,Cleveland,false
44144,Cleveland,false
44129,Cleveland,false
96853,Honolulu,false
96815,Honolulu,false
96860,Honolulu,false
96859,Honolulu,false
96850,Honolulu,false
96821,Honolulu,false
96814,Honolulu,false
96816,Honolulu,false
96734,Honolulu,false
96795,Honolulu,false
96813,Honolulu,true
96819,Honolulu,false
96701,Honolulu,false
96817,Honolulu,false
96818,Honolulu,false
96744,Honolulu,false
96826,Honolulu,false
96822,Honolulu,false
45229,Cincinnati,false
45051,Cincinnati,false
45213,Cincinnati,false
45216,Cincinnati,false
45230,Cincinnati,false
45206,Cincinnati,false
45243,Cincinnati,false
45226,Cincinnati,false
45214,Cincinnati,false
41048,Cincinnati,false
45232,Cincinnati,false
45239,Cincinnati,false
45223,Cincinnati,false
45002,Cincinnati,false
45231,Cincinnati,false
45203,Cincinnati,false
45208,Cincinnati,false
41075,Cincinnati,false
45236,Cincinnati,false
45212,Cincinnati,false
41076,Cincinnati,false
41074,Cincinnati,false
41011,Cincinnati,false
45211,Cincinnati,false
45224,Cincinnati,false
45238,Cincinnati,false
45225,Cincinnati,false
45237,Cincinnati,false
45052,Cincinnati,false
45209,Cincinnati,false
45219,Cincinnati,false
45220,Cincinnati,false
45217,Cincinnati,false
45215,Cincinnati,false
45204,Cincinnati,false
45202,Cincinnati,true
45227,Cincinnati,false
45233,Cincinnati,false
45001,Cincinnati,false
45248,Cincinnati,false
45205,Cincinnati,false
45207,Cincinnati,false
41017,Cincinnati,false
45244,Cincinnati,false
15219,Pittsburgh,true
15260,Pittsburgh,false
15211,Pittsburgh,false
15290,Pittsburgh,false
15232,Pittsburgh,false
15233,Pittsburgh,false
15216,Pittsburgh,false
15222,Pittsburgh,true
15205,Pittsburgh,false
15202,Pittsburgh,false
15214,Pittsburgh,false
15221,Pittsburgh,false
15227,Pittsburgh,false
15238,Pittsburgh,false
15237,Pittsburgh,false
15229,Pittsburgh,false
15210,Pittsburgh,false
15147,Pittsburgh,false
15106,Pittsburgh,false
15226,Pittsburgh,false
15218,Pittsburgh,false
15120,Pittsburgh,false
15217,Pittsburgh,false
15122,Pittsburgh,false
15136,Pittsburgh,false
15204,Pittsburgh,false
15236,Pittsburgh,false
15234,Pittsburgh,false
15223,Pittsburgh,false
15201,Pittsburgh,false
15224,Pittsburgh,false
15235,Pittsburgh,false
15215,Pittsburgh,false
15213,Pittsburgh,false
15220,Pittsburgh,false
15207,Pittsburgh,false
15209,Pittsburgh,false
15208,Pittsburgh,false
15212,Pittsburgh,false
15203,Pittsburgh,false
15206,Pittsburgh,false
84054,Salt Lake City,false
84112,Salt Lake City,false
84180,Salt Lake City,false
84105,Salt Lake City,false
84106,Salt Lake City,false
84111,Salt Lake City,true
84010,Salt Lake City,false
84144,Salt Lake City,false
84108,Salt Lake City,false
84115,Salt Lake City,false
84116,Salt Lake City,false
84044,Salt Lake City,false
84101,Salt Lake City,true
84102,Salt Lake City,false
84103,Salt Lake City,false
84104,Salt Lake City,false
84119,Salt Lake City,false
84109,Salt Lake City,false
84128,Salt Lake City,false
84113,Salt Lake City,false
84120,Salt Lake City,false
63117,St Louis,false
63109,St Louis,false
63107,St Louis,false
63139,St Louis,false
63112,St Louis,false
63113,St Louis,false
63104,St Louis,false
63108,St Louis,false
63143,St Louis,false
63155,St Louis,false
63102,St Louis,false
63147,St Louis,false
63115,St Louis,false
63120,St Louis,false
63136,St Louis,false
63105,St Louis,false
62201,St Louis,false
63125,St Louis,false
63123,St Louis,false
63137,St Louis,false
63133,St Louis,false
62040,St Louis,false
63138,St Louis,false
63111,St Louis,false
63110,St Louis,false
63103,St Louis,false
63101,St Louis,true
63106,St Louis,false
63119,St Louis,false
63121,St Louis,false
63130,St Louis,false
63118,St Louis,false
63116,St Louis,false
32808,Orlando,false
32814,Orlando,false
32806,Orlando,false
32832,Orlando,false
32801,Orlando,true
32807,Orlando,false
32811,Orlando,false
32824,Orlando,false
32822,Orlando,false
34786,Orlando,false
34744,Orlando,false
32809,Orlando,false
32805,Orlando,false
32812,Orlando,false
32804,Orlando,false
32829,Orlando,false
32835,Orlando,false
32825,Orlando,false
32819,Orlando,false
32810,Orlando,false
32789,Orlando,false
32803,Orlando,false
32827,Orlando,false
32839,Orlando,false
34771,Orlando,false
32792,Orlando,false
